/*
 * Copyright (c) 2026 Nordic Semiconductor ASA
 *
 * SPDX-License-Identifier: Apache-2.0
 */

/*
 * Generated from the Nordic Semiconductor logo already shipped in this NCS
 * checkout (nrf/scripts/shell/ble_console/docs/nordic_semi_logo.png),
 * resized to 110x95 and flattened onto white, RGB565, 220 bytes/row.
 * Regenerate with a similar script if the source image changes.
 */

#include "nordic_logo.h"

static const uint8_t nordic_logo_map[20900] = {
	0xff, 0xff, 0xff, 0xff, 0xff, 0xff, 0xff, 0xff, 0xff, 0xff, 0xff, 0xff, 0xff, 0xff, 0xff,
	0xff, 0xff, 0xff, 0xff, 0xff, 0xff, 0xff, 0xff, 0xff, 0xff, 0xff, 0xff, 0xff, 0xff, 0xff,
	0xff, 0xff, 0xff, 0xff, 0xff, 0xff, 0xff, 0xff, 0xff, 0xff, 0xff, 0xff, 0xff, 0xff, 0xff,
	0xff, 0xff, 0xff, 0xff, 0xff, 0xff, 0xff, 0xff, 0xff, 0xff, 0xff, 0xff, 0xff, 0xff, 0xff,
	0xff, 0xff, 0xff, 0xff, 0xff, 0xff, 0xff, 0xff, 0xff, 0xff, 0xff, 0xff, 0xff, 0xff, 0xff,
	0xff, 0xff, 0xff, 0xff, 0xff, 0xff, 0xff, 0xff, 0xff, 0xff, 0xff, 0xff, 0xff, 0xff, 0xff,
	0xff, 0xff, 0xff, 0xff, 0xff, 0xff, 0xff, 0xff, 0xff, 0xff, 0xff, 0xff, 0xff, 0xff, 0xff,
	0xff, 0xff, 0xff, 0xff, 0xff, 0xff, 0xff, 0xff, 0xff, 0xff, 0xff, 0xff, 0xff, 0xff, 0xff,
	0xff, 0xff, 0xff, 0xff, 0xff, 0xff, 0xff, 0xff, 0xff, 0xff, 0xff, 0xff, 0xff, 0xff, 0xff,
	0xff, 0xff, 0xff, 0xff, 0xff, 0xff, 0xff, 0xff, 0xff, 0xff, 0xff, 0xff, 0xff, 0xff, 0xff,
	0xff, 0xff, 0xff, 0xff, 0xff, 0xff, 0xff, 0xff, 0xff, 0xff, 0xff, 0xff, 0xff, 0xff, 0xff,
	0xff, 0xff, 0xff, 0xff, 0xff, 0xff, 0xff, 0xff, 0xff, 0xff, 0xff, 0xff, 0xff, 0xff, 0xff,
	0xff, 0xff, 0xff, 0xff, 0xff, 0xff, 0xff, 0xff, 0xff, 0xff, 0xff, 0xff, 0xff, 0xff, 0xff,
	0xff, 0xff, 0xff, 0xff, 0xff, 0xff, 0xff, 0xff, 0xff, 0xff, 0xff, 0xff, 0xff, 0xff, 0xff,
	0xff, 0xff, 0xff, 0xff, 0xff, 0xff, 0xff, 0xff, 0xff, 0xff, 0xff, 0xff, 0xff, 0xff, 0xff,
	0xff, 0xff, 0xff, 0xff, 0xff, 0xff, 0xff, 0xff, 0xff, 0xff, 0xff, 0xff, 0xff, 0xff, 0xff,
	0xff, 0xff, 0xff, 0xff, 0xff, 0xff, 0xff, 0xff, 0xff, 0xff, 0xff, 0xff, 0xff, 0xff, 0xff,
	0xff, 0xff, 0xff, 0xff, 0xff, 0xff, 0xff, 0xff, 0xff, 0xff, 0xff, 0xff, 0xff, 0xff, 0xff,
	0xff, 0xff, 0xff, 0xff, 0xff, 0xff, 0xff, 0xff, 0xff, 0xff, 0xff, 0xff, 0xff, 0xff, 0xff,
	0xff, 0xff, 0xff, 0xff, 0xff, 0xff, 0xff, 0xff, 0xff, 0xff, 0xff, 0xff, 0xff, 0xff, 0xff,
	0xff, 0xff, 0xff, 0xff, 0xff, 0xff, 0xff, 0xff, 0xff, 0xff, 0xff, 0xff, 0xff, 0xff, 0xff,
	0xff, 0xff, 0xff, 0xff, 0xff, 0xff, 0xff, 0xff, 0xff, 0xff, 0xff, 0xff, 0xff, 0xff, 0xff,
	0xff, 0xff, 0xff, 0xff, 0xff, 0xff, 0xff, 0xff, 0xff, 0xff, 0xff, 0xff, 0xff, 0xff, 0xff,
	0xff, 0xff, 0xff, 0xff, 0xff, 0xff, 0xff, 0xff, 0xff, 0xff, 0xff, 0xff, 0xff, 0xff, 0xff,
	0xff, 0xff, 0xff, 0xff, 0xff, 0xff, 0xff, 0xff, 0xff, 0xff, 0xff, 0xff, 0xff, 0xff, 0xff,
	0xff, 0xff, 0xff, 0xff, 0xff, 0xff, 0xff, 0xff, 0xff, 0xff, 0xff, 0xff, 0xff, 0xff, 0xff,
	0xff, 0xff, 0xff, 0xff, 0xff, 0xff, 0xff, 0xff, 0xff, 0xff, 0xff, 0xff, 0xff, 0xff, 0xff,
	0xff, 0xff, 0xff, 0xff, 0xff, 0xff, 0xff, 0xff, 0xff, 0xff, 0xff, 0xff, 0xff, 0xff, 0xff,
	0xff, 0xff, 0xff, 0xff, 0xff, 0xff, 0xff, 0xff, 0xff, 0xff, 0xff, 0xff, 0xff, 0xff, 0xff,
	0xff, 0xff, 0xff, 0xff, 0xff, 0xff, 0xff, 0xff, 0xff, 0xff, 0xff, 0xff, 0xff, 0xff, 0xff,
	0xff, 0xff, 0xff, 0xff, 0xff, 0xff, 0xff, 0xff, 0xff, 0xff, 0xff, 0xff, 0xff, 0xff, 0xff,
	0xff, 0xff, 0xff, 0xff, 0xff, 0xff, 0xff, 0xff, 0xff, 0xff, 0xff, 0xff, 0xff, 0xff, 0xff,
	0xff, 0xff, 0xff, 0xff, 0xff, 0xff, 0xff, 0xff, 0xff, 0xff, 0xff, 0xff, 0xff, 0xff, 0xff,
	0xff, 0xff, 0xff, 0xff, 0xff, 0xff, 0xff, 0xff, 0xff, 0xff, 0xff, 0xff, 0xff, 0xff, 0xff,
	0xff, 0xff, 0xff, 0xff, 0xff, 0xff, 0xff, 0xff, 0xff, 0xff, 0xff, 0xff, 0xff, 0xff, 0xff,
	0xff, 0xff, 0xff, 0xff, 0xff, 0xff, 0xff, 0xff, 0xff, 0xff, 0xff, 0xff, 0xff, 0xff, 0xff,
	0xff, 0xff, 0xff, 0xff, 0xff, 0xff, 0xff, 0xff, 0xff, 0xff, 0xff, 0xff, 0xff, 0xff, 0xff,
	0xff, 0xff, 0xff, 0xff, 0xff, 0xff, 0xff, 0xff, 0xff, 0xff, 0xff, 0xff, 0xff, 0xff, 0xff,
	0xff, 0xff, 0xff, 0xff, 0xff, 0xff, 0xff, 0xff, 0xff, 0xff, 0xff, 0xff, 0xff, 0xff, 0xff,
	0xff, 0xff, 0xff, 0xff, 0xff, 0xff, 0xff, 0xff, 0xff, 0xff, 0xff, 0xff, 0xff, 0xff, 0xff,
	0xff, 0xff, 0xff, 0xff, 0xff, 0xff, 0xff, 0xff, 0xff, 0xff, 0xff, 0xff, 0xff, 0xff, 0xff,
	0xff, 0xff, 0xff, 0xff, 0xff, 0xff, 0xff, 0xff, 0xff, 0xff, 0xff, 0xff, 0xff, 0xff, 0xff,
	0xff, 0xff, 0xff, 0xff, 0xff, 0xff, 0xff, 0xff, 0xff, 0xff, 0xff, 0xff, 0xff, 0xff, 0xff,
	0xff, 0xff, 0xff, 0xff, 0xff, 0xff, 0xff, 0xff, 0xff, 0xff, 0xff, 0xff, 0xff, 0xff, 0xff,
	0xff, 0xff, 0xff, 0xff, 0xff, 0xff, 0xff, 0xff, 0xff, 0xff, 0xff, 0xff, 0xff, 0xff, 0xff,
	0xff, 0xff, 0xff, 0xff, 0xff, 0xff, 0xff, 0xff, 0xff, 0xff, 0xff, 0xff, 0xff, 0xff, 0xff,
	0xff, 0xff, 0xff, 0xff, 0xff, 0xff, 0xff, 0xff, 0xff, 0xff, 0xff, 0xff, 0xff, 0xff, 0xff,
	0xff, 0xff, 0xff, 0xff, 0xff, 0xff, 0xff, 0xff, 0xff, 0xff, 0xff, 0xff, 0xff, 0xff, 0xff,
	0xff, 0xff, 0xff, 0xff, 0xff, 0xff, 0xff, 0xff, 0xff, 0xff, 0xff, 0xff, 0xff, 0xff, 0xff,
	0xff, 0xff, 0xff, 0xff, 0xff, 0xff, 0xff, 0xff, 0xff, 0xff, 0xff, 0xff, 0xff, 0xff, 0xff,
	0xff, 0xff, 0xff, 0xff, 0xff, 0xff, 0xff, 0xff, 0xff, 0xff, 0xff, 0xff, 0xff, 0xff, 0xff,
	0xff, 0xff, 0xff, 0xff, 0xff, 0xff, 0xff, 0xff, 0xff, 0xff, 0xff, 0xff, 0xff, 0xff, 0xff,
	0xff, 0xff, 0xff, 0xff, 0xff, 0xff, 0xff, 0xff, 0xff, 0xff, 0xff, 0xff, 0xff, 0xff, 0xff,
	0xff, 0xff, 0xff, 0xff, 0xff, 0xff, 0xff, 0xff, 0xff, 0xff, 0xff, 0xff, 0xff, 0xff, 0xff,
	0xff, 0xff, 0xff, 0xff, 0xff, 0xff, 0xff, 0xff, 0xff, 0xff, 0xff, 0xff, 0xff, 0xff, 0xff,
	0xff, 0xff, 0xff, 0xff, 0xff, 0xff, 0xff, 0xff, 0xff, 0xff, 0xff, 0xff, 0xff, 0xff, 0xff,
	0xff, 0xff, 0xff, 0xff, 0xff, 0xff, 0xff, 0xff, 0xff, 0xff, 0xff, 0xff, 0xff, 0xff, 0xff,
	0xff, 0xff, 0xff, 0xff, 0xff, 0xff, 0xff, 0xff, 0xff, 0xff, 0xff, 0xff, 0xff, 0xff, 0xff,
	0xff, 0xff, 0xff, 0xff, 0xff, 0xff, 0xff, 0xff, 0xff, 0xff, 0xff, 0xff, 0xff, 0xff, 0xff,
	0xff, 0xff, 0xff, 0xff, 0xff, 0xff, 0xff, 0xff, 0xff, 0xff, 0xff, 0xff, 0xff, 0xff, 0xff,
	0xff, 0xff, 0xff, 0xff, 0xff, 0xff, 0xff, 0xff, 0xff, 0xff, 0xff, 0xff, 0xff, 0xff, 0xff,
	0xff, 0xff, 0xff, 0xff, 0xff, 0xff, 0xff, 0xff, 0xff, 0xff, 0xff, 0xff, 0xff, 0xff, 0xff,
	0xff, 0xff, 0xff, 0xff, 0xff, 0xff, 0xff, 0xff, 0xff, 0xff, 0xff, 0xff, 0xff, 0xff, 0xff,
	0xff, 0xff, 0xff, 0xff, 0xff, 0xff, 0xff, 0xff, 0xff, 0xff, 0xff, 0xff, 0xff, 0xff, 0xff,
	0xff, 0xff, 0xff, 0xff, 0xff, 0xff, 0xff, 0xff, 0xff, 0xff, 0xff, 0xff, 0xff, 0xff, 0xff,
	0xff, 0xff, 0xff, 0xff, 0xff, 0xff, 0xff, 0xff, 0xff, 0xff, 0xff, 0xff, 0xff, 0xff, 0xff,
	0xff, 0xff, 0xff, 0xff, 0xff, 0xff, 0xff, 0xff, 0xff, 0xff, 0xff, 0xff, 0xff, 0xff, 0xff,
	0xff, 0xff, 0xff, 0xff, 0xff, 0xff, 0xff, 0xff, 0xff, 0xff, 0xff, 0xff, 0xff, 0xff, 0xff,
	0xff, 0xff, 0xff, 0xff, 0xff, 0xff, 0xff, 0xff, 0xff, 0xff, 0xff, 0xff, 0xff, 0xff, 0xff,
	0xff, 0xff, 0xff, 0xff, 0xff, 0xff, 0xff, 0xff, 0xff, 0xff, 0xff, 0xff, 0xff, 0xff, 0xff,
	0xff, 0xff, 0xff, 0xff, 0xff, 0xff, 0xff, 0xff, 0xff, 0xff, 0xff, 0xff, 0xff, 0xff, 0xff,
	0xff, 0xff, 0xff, 0xff, 0xff, 0xff, 0xff, 0xff, 0xff, 0xff, 0xff, 0xff, 0xff, 0xff, 0xff,
	0xff, 0xff, 0xff, 0xff, 0xff, 0xff, 0xff, 0xff, 0xff, 0xff, 0xff, 0xff, 0xff, 0xff, 0xff,
	0xff, 0xff, 0xff, 0xff, 0xff, 0xff, 0xff, 0xff, 0xff, 0xff, 0xff, 0xff, 0xff, 0xff, 0xff,
	0xff, 0xff, 0xff, 0xff, 0xff, 0xff, 0xff, 0xff, 0xff, 0xff, 0xff, 0xff, 0xff, 0xff, 0xff,
	0xff, 0xff, 0xff, 0xff, 0xff, 0xff, 0xff, 0xff, 0xff, 0xff, 0xff, 0xff, 0xff, 0xff, 0xff,
	0xff, 0xff, 0xff, 0xff, 0xff, 0xff, 0xff, 0xff, 0xff, 0xff, 0xff, 0xff, 0xff, 0xff, 0xff,
	0xff, 0xff, 0xff, 0xff, 0xff, 0xff, 0xff, 0xff, 0xff, 0xff, 0xff, 0xff, 0xff, 0xff, 0xff,
	0xff, 0xff, 0xff, 0xff, 0xff, 0xff, 0xff, 0xff, 0xff, 0xff, 0xff, 0xff, 0xff, 0xff, 0xff,
	0xff, 0xff, 0xff, 0xff, 0xff, 0xff, 0xff, 0xff, 0xff, 0xff, 0xff, 0xff, 0xff, 0xff, 0xff,
	0xff, 0xff, 0xff, 0xff, 0xff, 0xff, 0xff, 0xff, 0xff, 0xff, 0xff, 0xff, 0xff, 0xff, 0xff,
	0xff, 0xff, 0xff, 0xff, 0xff, 0xff, 0xff, 0xff, 0xff, 0xff, 0xff, 0xff, 0xff, 0xff, 0xff,
	0xff, 0xff, 0xff, 0xff, 0xff, 0xff, 0xff, 0xff, 0xff, 0xff, 0xff, 0xff, 0xff, 0xff, 0xff,
	0xff, 0xff, 0xff, 0xff, 0xff, 0xff, 0xff, 0xff, 0xff, 0xff, 0xff, 0xff, 0xff, 0xff, 0xff,
	0xff, 0xff, 0xff, 0xff, 0xff, 0xff, 0xff, 0xff, 0xff, 0xff, 0xff, 0xff, 0xff, 0xff, 0xff,
	0xff, 0xff, 0xff, 0xff, 0xff, 0xff, 0xff, 0xff, 0xff, 0xff, 0xff, 0xff, 0xff, 0xff, 0xff,
	0xff, 0xff, 0xff, 0xff, 0xff, 0xff, 0xff, 0xff, 0xff, 0xff, 0xff, 0xff, 0xff, 0xff, 0xff,
	0xff, 0xff, 0xff, 0xff, 0xff, 0xff, 0xff, 0xff, 0xff, 0xff, 0xff, 0xff, 0xff, 0xff, 0xff,
	0xff, 0xff, 0xff, 0xff, 0xff, 0xff, 0xff, 0xff, 0xff, 0xff, 0xff, 0xff, 0xff, 0xff, 0xff,
	0xff, 0xff, 0xff, 0xff, 0xff, 0xff, 0xff, 0xff, 0xff, 0xff, 0xff, 0xff, 0xff, 0xff, 0xff,
	0xff, 0xff, 0xff, 0xff, 0xff, 0xff, 0xff, 0xff, 0xff, 0xff, 0xff, 0xff, 0xff, 0xff, 0xff,
	0xff, 0xff, 0xff, 0xff, 0xff, 0xff, 0xff, 0xdf, 0xf7, 0x5f, 0xbf, 0xbe, 0x9e, 0xde, 0xa6,
	0x5f, 0xc7, 0xff, 0xff, 0xff, 0xff, 0xff, 0xff, 0xff, 0xff, 0xff, 0xff, 0xff, 0xff, 0xff,
	0xff, 0xff, 0xff, 0xff, 0xff, 0xff, 0xff, 0xff, 0xff, 0xff, 0xff, 0xff, 0xff, 0xff, 0xff,
	0xff, 0xff, 0xff, 0xff, 0xff, 0xff, 0xff, 0xff, 0xff, 0xff, 0xff, 0xff, 0xff, 0xff, 0xff,
	0xff, 0xff, 0xff, 0xff, 0xff, 0xff, 0xff, 0xff, 0xff, 0xff, 0xff, 0xff, 0xff, 0xff, 0xff,
	0xff, 0xff, 0xff, 0xff, 0xff, 0xff, 0xff, 0xff, 0xff, 0xff, 0xff, 0xff, 0xff, 0xff, 0xff,
	0xff, 0xff, 0xff, 0xff, 0xff, 0xff, 0xff, 0xff, 0xff, 0xff, 0xff, 0xff, 0xff, 0xff, 0xff,
	0xff, 0xff, 0xff, 0xff, 0xff, 0xff, 0xbf, 0xd7, 0xdf, 0x9e, 0xfc, 0x7d, 0x3e, 0xcf, 0xff,
	0xff, 0xff, 0xff, 0xff, 0xff, 0xff, 0xff, 0xff, 0xff, 0xff, 0xff, 0xff, 0xff, 0xff, 0xff,
	0xff, 0xff, 0xff, 0xff, 0xff, 0xff, 0xff, 0xff, 0xff, 0xff, 0xff, 0xff, 0xff, 0xff, 0xff,
	0xff, 0xff, 0xff, 0xff, 0xff, 0xff, 0xff, 0xff, 0xff, 0xff, 0xff, 0xff, 0xff, 0xff, 0xff,
	0xff, 0xff, 0xff, 0xff, 0xff, 0xff, 0xff, 0xff, 0xff, 0xff, 0xff, 0xff, 0xff, 0xff, 0xff,
	0xff, 0xff, 0xff, 0xff, 0xff, 0xff, 0xff, 0xff, 0xff, 0xff, 0xff, 0xff, 0xff, 0xff, 0xff,
	0xff, 0xff, 0xff, 0xff, 0xff, 0xff, 0xff, 0xff, 0xff, 0xff, 0xff, 0xff, 0xff, 0xff, 0xff,
	0xff, 0xff, 0xff, 0xff, 0xff, 0xff, 0xff, 0xff, 0xff, 0xff, 0xff, 0xff, 0xff, 0xff, 0xff,
	0xfe, 0xa6, 0xbd, 0x2d, 0x7d, 0x0d, 0x5d, 0x05, 0x5d, 0x05, 0x7d, 0x0d, 0x9c, 0x2d, 0xde,
	0x9e, 0xff, 0xff, 0xff, 0xff, 0xff, 0xff, 0xff, 0xff, 0xff, 0xff, 0xff, 0xff, 0xff, 0xff,
	0xff, 0xff, 0xff, 0xff, 0xff, 0xff, 0xff, 0xff, 0xff, 0xff, 0xff, 0xff, 0xff, 0xff, 0xff,
	0xff, 0xff, 0xff, 0xff, 0xff, 0xff, 0xff, 0xff, 0xff, 0xff, 0xff, 0xff, 0xff, 0xff, 0xff,
	0xff, 0xff, 0xff, 0xff, 0xff, 0xff, 0xff, 0xff, 0xff, 0xff, 0xff, 0xff, 0xff, 0xff, 0xff,
	0xff, 0xff, 0xff, 0xff, 0xff, 0xff, 0xff, 0xff, 0xff, 0xff, 0xff, 0xff, 0xff, 0xff, 0xff,
	0xff, 0xff, 0xff, 0xff, 0xff, 0xff, 0xff, 0xff, 0xff, 0xff, 0xff, 0xff, 0x7f, 0xcf, 0xdf,
	0x86, 0x1f, 0x7f, 0x7f, 0x5e, 0x5a, 0x04, 0x9a, 0x0c, 0x3b, 0x4d, 0x3e, 0xcf, 0xff, 0xff,
	0xff, 0xff, 0xff, 0xff, 0xff, 0xff, 0xff, 0xff, 0xff, 0xff, 0xff, 0xff, 0xff, 0xff, 0xff,
	0xff, 0xff, 0xff, 0xff, 0xff, 0xff, 0xff, 0xff, 0xff, 0xff, 0xff, 0xff, 0xff, 0xff, 0xff,
	0xff, 0xff, 0xff, 0xff, 0xff, 0xff, 0xff, 0xff, 0xff, 0xff, 0xff, 0xff, 0xff, 0xff, 0xff,
	0xff, 0xff, 0xff, 0xff, 0xff, 0xff, 0xff, 0xff, 0xff, 0xff, 0xff, 0xff, 0xff, 0xff, 0xff,
	0xff, 0xff, 0xff, 0xff, 0xff, 0xff, 0xff, 0xff, 0xff, 0xff, 0xff, 0xff, 0xff, 0xff, 0xff,
	0xff, 0xff, 0xff, 0xff, 0xff, 0xff, 0xff, 0xff, 0xff, 0xff, 0xff, 0xff, 0xff, 0xff, 0xff,
	0xff, 0xff, 0xff, 0xff, 0xff, 0xff, 0x9f, 0xdf, 0x1d, 0x4e, 0x7d, 0x05, 0x1c, 0x05, 0x1b,
	0x05, 0x1b, 0x05, 0x1b, 0x05, 0xfb, 0x04, 0xfb, 0x04, 0x5d, 0x05, 0x9c, 0x35, 0x1e, 0xb7,
	0xff, 0xff, 0xff, 0xff, 0xff, 0xff, 0xff, 0xff, 0xff, 0xff, 0xff, 0xff, 0xff, 0xff, 0xff,
	0xff, 0xff, 0xff, 0xff, 0xff, 0xff, 0xff, 0xff, 0xff, 0xff, 0xff, 0xff, 0xff, 0xff, 0xff,
	0xff, 0xff, 0xff, 0xff, 0xff, 0xff, 0xff, 0xff, 0xff, 0xff, 0xff, 0xff, 0xff, 0xff, 0xff,
	0xff, 0xff, 0xff, 0xff, 0xff, 0xff, 0xff, 0xff, 0xff, 0xff, 0xff, 0xff, 0xff, 0xff, 0xff,
	0xff, 0xff, 0xff, 0xff, 0xff, 0xff, 0xff, 0xff, 0xff, 0xff, 0xff, 0xff, 0xff, 0xff, 0xff,
	0xff, 0xff, 0xff, 0xbf, 0xdf, 0xff, 0x96, 0x1f, 0x7f, 0x9f, 0x6e, 0x9e, 0x76, 0xfd, 0x5d,
	0x18, 0x04, 0x18, 0x04, 0x19, 0x04, 0x5a, 0x0c, 0x7b, 0x65, 0x9f, 0xe7, 0xff, 0xff, 0xff,
	0xff, 0xff, 0xff, 0xff, 0xff, 0xff, 0xff, 0xff, 0xff, 0xff, 0xff, 0xff, 0xff, 0xff, 0xff,
	0xff, 0xff, 0xff, 0xff, 0xff, 0xff, 0xff, 0xff, 0xff, 0xff, 0xff, 0xff, 0xff, 0xff, 0xff,
	0xff, 0xff, 0xff, 0xff, 0xff, 0xff, 0xff, 0xff, 0xff, 0xff, 0xff, 0xff, 0xff, 0xff, 0xff,
	0xff, 0xff, 0xff, 0xff, 0xff, 0xff, 0xff, 0xff, 0xff, 0xff, 0xff, 0xff, 0xff, 0xff, 0xff,
	0xff, 0xff, 0xff, 0xff, 0xff, 0xff, 0xff, 0xff, 0xff, 0xff, 0xff, 0xff, 0xff, 0xff, 0xff,
	0xff, 0xff, 0xff, 0xff, 0xff, 0xff, 0xff, 0xff, 0xff, 0xff, 0xff, 0xff, 0xff, 0xff, 0xbe,
	0x8e, 0x9d, 0x15, 0x5c, 0x05, 0x1b, 0x05, 0x1b, 0x05, 0x1b, 0x05, 0x1b, 0x05, 0xfb, 0x04,
	0xfb, 0x04, 0xfb, 0x04, 0xfb, 0x04, 0xfc, 0x04, 0x7d, 0x0d, 0xfd, 0x4d, 0x5f, 0xc7, 0xff,
	0xff, 0xff, 0xff, 0xff, 0xff, 0xff, 0xff, 0xff, 0xff, 0xff, 0xff, 0xff, 0xff, 0xff, 0xff,
	0xff, 0xff, 0xff, 0xff, 0xff, 0xff, 0xff, 0xff, 0xff, 0xff, 0xff, 0xff, 0xff, 0xff, 0xff,
	0xff, 0xff, 0xff, 0xff, 0xff, 0xff, 0xff, 0xff, 0xff, 0xff, 0xff, 0xff, 0xff, 0xff, 0xff,
	0xff, 0xff, 0xff, 0xff, 0xff, 0xff, 0xff, 0xff, 0xff, 0xff, 0xff, 0xff, 0xff, 0xff, 0xff,
	0xff, 0xff, 0xff, 0xff, 0xff, 0xff, 0xff, 0xff, 0xff, 0xdf, 0xef, 0x3f, 0xa7, 0x1f, 0x7f,
	0xbf, 0x6e, 0x7e, 0x6e, 0x7e, 0x6e, 0x9f, 0x76, 0xfd, 0x55, 0x18, 0x04, 0x18, 0x04, 0xf8,
	0x03, 0xf8, 0x03, 0xf9, 0x03, 0x39, 0x14, 0xfc, 0x85, 0xdf, 0xf7, 0xff, 0xff, 0xff, 0xff,
	0xff, 0xff, 0xff, 0xff, 0xff, 0xff, 0xff, 0xff, 0xff, 0xff, 0xff, 0xff, 0xff, 0xff, 0xff,
	0xff, 0xff, 0xff, 0xff, 0xff, 0xff, 0xff, 0xff, 0xff, 0xff, 0xff, 0xff, 0xff, 0xff, 0xff,
	0xff, 0xff, 0xff, 0xff, 0xff, 0xff, 0xff, 0xff, 0xff, 0xff, 0xff, 0xff, 0xff, 0xff, 0xff,
	0xff, 0xff, 0xff, 0xff, 0xff, 0xff, 0xff, 0xff, 0xff, 0xff, 0xff, 0xff, 0xff, 0xff, 0xff,
	0xff, 0xff, 0xff, 0xff, 0xff, 0xff, 0xff, 0xff, 0xff, 0xff, 0xff, 0xff, 0xff, 0xff, 0xff,
	0xff, 0xff, 0xff, 0xff, 0xff, 0x7f, 0xc7, 0xfd, 0x3d, 0x9e, 0x05, 0x3b, 0x05, 0x3b, 0x05,
	0x1b, 0x05, 0x1b, 0x05, 0x1b, 0x05, 0x1b, 0x05, 0xfb, 0x04, 0xfb, 0x04, 0xfb, 0x04, 0xfb,
	0x04, 0xfb, 0x04, 0xfb, 0x04, 0x1c, 0x05, 0x5d, 0x0d, 0x3d, 0x66, 0x9f, 0xdf, 0xff, 0xff,
	0xff, 0xff, 0xff, 0xff, 0xff, 0xff, 0xff, 0xff, 0xff, 0xff, 0xff, 0xff, 0xff, 0xff, 0xff,
	0xff, 0xff, 0xff, 0xff, 0xff, 0xff, 0xff, 0xff, 0xff, 0xff, 0xff, 0xff, 0xff, 0xff, 0xff,
	0xff, 0xff, 0xff, 0xff, 0xff, 0xff, 0xff, 0xff, 0xff, 0xff, 0xff, 0xff, 0xff, 0xff, 0xff,
	0xff, 0xff, 0xff, 0xff, 0xff, 0xff, 0xff, 0xff, 0xff, 0xff, 0xff, 0xff, 0xff, 0xff, 0xff,
	0xff, 0xff, 0x7f, 0xbf, 0xbf, 0x7e, 0xdf, 0x76, 0x7e, 0x6e, 0x7e, 0x6e, 0x7e, 0x6e, 0x7e,
	0x6e, 0x9e, 0x76, 0x3e, 0x5e, 0x18, 0x04, 0x18, 0x04, 0xf8, 0x03, 0xf8, 0x03, 0xf8, 0x03,
	0xb7, 0x03, 0xf9, 0x03, 0x79, 0x2c, 0x7d, 0xa6, 0xff, 0xff, 0xff, 0xff, 0xff, 0xff, 0xff,
	0xff, 0xff, 0xff, 0xff, 0xff, 0xff, 0xff, 0xff, 0xff, 0xff, 0xff, 0xff, 0xff, 0xff, 0xff,
	0xff, 0xff, 0xff, 0xff, 0xff, 0xff, 0xff, 0xff, 0xff, 0xff, 0xff, 0xff, 0xff, 0xff, 0xff,
	0xff, 0xff, 0xff, 0xff, 0xff, 0xff, 0xff, 0xff, 0xff, 0xff, 0xff, 0xff, 0xff, 0xff, 0xff,
	0xff, 0xff, 0xff, 0xff, 0xff, 0xff, 0xff, 0xff, 0xff, 0xff, 0xff, 0xff, 0xff, 0xff, 0xff,
	0xff, 0xff, 0xff, 0xff, 0xff, 0xff, 0xff, 0xff, 0xff, 0xff, 0xff, 0xdf, 0xf7, 0xbe, 0x76,
	0xbe, 0x0d, 0x5c, 0x05, 0x3c, 0x05, 0x3c, 0x05, 0x3b, 0x05, 0x1b, 0x05, 0x1b, 0x05, 0x1b,
	0x05, 0x1b, 0x05, 0xfb, 0x04, 0xfb, 0x04, 0xfb, 0x04, 0xfb, 0x04, 0xfb, 0x04, 0xfb, 0x04,
	0xfb, 0x04, 0xfb, 0x04, 0x3c, 0x05, 0x5c, 0x15, 0x7d, 0x7e, 0xdf, 0xef, 0xff, 0xff, 0xff,
	0xff, 0xff, 0xff, 0xff, 0xff, 0xff, 0xff, 0xff, 0xff, 0xff, 0xff, 0xff, 0xff, 0xff, 0xff,
	0xff, 0xff, 0xff, 0xff, 0xff, 0xff, 0xff, 0xff, 0xff, 0xff, 0xff, 0xff, 0xff, 0xff, 0xff,
	0xff, 0xff, 0xff, 0xff, 0xff, 0xff, 0xff, 0xff, 0xff, 0xff, 0xff, 0xff, 0xff, 0xff, 0xff,
	0xff, 0xff, 0xff, 0xff, 0xff, 0xff, 0xff, 0xff, 0x9f, 0xd7, 0xff, 0x8e, 0x1f, 0x77, 0x9e,
	0x6e, 0x7e, 0x6e, 0x7e, 0x6e, 0x7e, 0x6e, 0x7e, 0x6e, 0x7e, 0x6e, 0x9e, 0x76, 0x3e, 0x66,
	0x39, 0x04, 0x18, 0x04, 0xf8, 0x03, 0xf8, 0x03, 0xd8, 0x03, 0xd7, 0x03, 0xb7, 0x03, 0xb7,
	0x03, 0xf9, 0x03, 0xb9, 0x44, 0xfd, 0xc6, 0xff, 0xff, 0xff, 0xff, 0xff, 0xff, 0xff, 0xff,
	0xff, 0xff, 0xff, 0xff, 0xff, 0xff, 0xff, 0xff, 0xff, 0xff, 0xff, 0xff, 0xff, 0xff, 0xff,
	0xff, 0xff, 0xff, 0xff, 0xff, 0xff, 0xff, 0xff, 0xff, 0xff, 0xff, 0xff, 0xff, 0xff, 0xff,
	0xff, 0xff, 0xff, 0xff, 0xff, 0xff, 0xff, 0xff, 0xff, 0xff, 0xff, 0xff, 0xff, 0xff, 0xff,
	0xff, 0xff, 0xff, 0xff, 0xff, 0xff, 0xff, 0xff, 0xff, 0xff, 0xff, 0xff, 0xff, 0xff, 0xff,
	0xff, 0xff, 0xff, 0xff, 0x3f, 0xbf, 0xfd, 0x35, 0xbe, 0x05, 0x5c, 0x05, 0x5c, 0x05, 0x3c,
	0x05, 0x3c, 0x05, 0x3b, 0x05, 0x1b, 0x05, 0x1b, 0x05, 0x1b, 0x05, 0x1b, 0x05, 0xfb, 0x04,
	0xfb, 0x04, 0xfb, 0x04, 0xfb, 0x04, 0xfb, 0x04, 0xfb, 0x04, 0xfb, 0x04, 0xfb, 0x04, 0xfb,
	0x04, 0xdb, 0x04, 0x3d, 0x05, 0x7d, 0x25, 0xde, 0x96, 0xff, 0xff, 0xff, 0xff, 0xff, 0xff,
	0xff, 0xff, 0xff, 0xff, 0xff, 0xff, 0xff, 0xff, 0xff, 0xff, 0xff, 0xff, 0xff, 0xff, 0xff,
	0xff, 0xff, 0xff, 0xff, 0xff, 0xff, 0xff, 0xff, 0xff, 0xff, 0xff, 0xff, 0xff, 0xff, 0xff,
	0xff, 0xff, 0xff, 0xff, 0xff, 0xff, 0xff, 0xff, 0xff, 0xff, 0xff, 0xff, 0xff, 0xff, 0xbf,
	0xe7, 0x1f, 0x9f, 0xff, 0x76, 0xbf, 0x6e, 0x7e, 0x6e, 0x7e, 0x6e, 0x7e, 0x6e, 0x7e, 0x6e,
	0x7e, 0x6e, 0x7e, 0x6e, 0x7e, 0x6e, 0x9e, 0x76, 0x3e, 0x66, 0x39, 0x04, 0x18, 0x04, 0xf8,
	0x03, 0xf8, 0x03, 0xd8, 0x03, 0xd7, 0x03, 0xb7, 0x03, 0xb7, 0x03, 0x97, 0x03, 0x97, 0x03,
	0xd8, 0x0b, 0x1a, 0x5d, 0x5e, 0xdf, 0xff, 0xff, 0xff, 0xff, 0xff, 0xff, 0xff, 0xff, 0xff,
	0xff, 0xff, 0xff, 0xff, 0xff, 0xff, 0xff, 0xff, 0xff, 0xff, 0xff, 0xff, 0xff, 0xff, 0xff,
	0xff, 0xff, 0xff, 0xff, 0xff, 0xff, 0xff, 0xff, 0xff, 0xff, 0xff, 0xff, 0xff, 0xff, 0xff,
	0xff, 0xff, 0xff, 0xff, 0xff, 0xff, 0xff, 0xff, 0xff, 0xff, 0xff, 0xff, 0xff, 0xff, 0xff,
	0xff, 0xff, 0xff, 0xff, 0xff, 0xff, 0xff, 0xff, 0xff, 0xff, 0xbf, 0xef, 0x9e, 0x76, 0xde,
	0x25, 0x7c, 0x0d, 0x5c, 0x0d, 0x5c, 0x05, 0x5c, 0x05, 0x3c, 0x05, 0x3c, 0x05, 0x3b, 0x05,
	0x1b, 0x05, 0x1b, 0x05, 0x1b, 0x05, 0x1b, 0x05, 0xfb, 0x04, 0xfb, 0x04, 0xfb, 0x04, 0xfb,
	0x04, 0xfb, 0x04, 0xfb, 0x04, 0xfb, 0x04, 0xfb, 0x04, 0xfb, 0x04, 0xfb, 0x04, 0xfb, 0x04,
	0xdb, 0x04, 0x3d, 0x05, 0xbd, 0x35, 0x1e, 0xb7, 0xff, 0xff, 0xff, 0xff, 0xff, 0xff, 0xff,
	0xff, 0xff, 0xff, 0xff, 0xff, 0xff, 0xff, 0xff, 0xff, 0xff, 0xff, 0xff, 0xff, 0xff, 0xff,
	0xff, 0xff, 0xff, 0xff, 0xff, 0xff, 0xff, 0xff, 0xff, 0xff, 0xff, 0xff, 0xff, 0xff, 0xff,
	0xff, 0xff, 0xff, 0xff, 0xff, 0xff, 0xf7, 0x5f, 0xb7, 0xdf, 0x7e, 0xdf, 0x76, 0x7e, 0x6e,
	0x7e, 0x6e, 0x7e, 0x6e, 0x7e, 0x6e, 0x7e, 0x6e, 0x7e, 0x6e, 0x7e, 0x6e, 0x7e, 0x6e, 0x7e,
	0x6e, 0x9e, 0x76, 0x3e, 0x66, 0x39, 0x04, 0x18, 0x04, 0xf8, 0x03, 0xf8, 0x03, 0xd8, 0x03,
	0xd7, 0x03, 0xb7, 0x03, 0xb7, 0x03, 0x97, 0x03, 0x97, 0x03, 0x76, 0x03, 0x77, 0x03, 0x97,
	0x13, 0x9b, 0x7d, 0xdf, 0xf7, 0xff, 0xff, 0xff, 0xff, 0xff, 0xff, 0xff, 0xff, 0xff, 0xff,
	0xff, 0xff, 0xff, 0xff, 0xff, 0xff, 0xff, 0xff, 0xff, 0xff, 0xff, 0xff, 0xff, 0xff, 0xff,
	0xff, 0xff, 0xff, 0xff, 0xff, 0xff, 0xff, 0xff, 0xff, 0xff, 0xff, 0xff, 0xff, 0xff, 0xff,
	0xff, 0xff, 0xff, 0xff, 0xff, 0xff, 0xff, 0xff, 0xff, 0xff, 0xff, 0xff, 0xff, 0xff, 0xff,
	0xff, 0xff, 0xff, 0x3f, 0xb7, 0xfe, 0x3d, 0xde, 0x25, 0x7c, 0x1d, 0x5c, 0x15, 0x5c, 0x05,
	0x5c, 0x05, 0x5c, 0x05, 0x3c, 0x05, 0x3c, 0x05, 0x3b, 0x05, 0x1b, 0x05, 0x1b, 0x05, 0x1b,
	0x05, 0x1b, 0x05, 0xfb, 0x04, 0xfb, 0x04, 0xfb, 0x04, 0xfb, 0x04, 0xfb, 0x04, 0xfb, 0x04,
	0xfb, 0x04, 0xfb, 0x04, 0xfb, 0x04, 0xfb, 0x04, 0xfb, 0x04, 0xfb, 0x04, 0xdb, 0x04, 0xfb,
	0x04, 0x3d, 0x05, 0xdd, 0x4d, 0x5f, 0xcf, 0xff, 0xff, 0xff, 0xff, 0xff, 0xff, 0xff, 0xff,
	0xff, 0xff, 0xff, 0xff, 0xff, 0xff, 0xff, 0xff, 0xff, 0xff, 0xff, 0xff, 0xff, 0xff, 0xff,
	0xff, 0xff, 0xff, 0xff, 0xff, 0xff, 0xff, 0xff, 0xff, 0xff, 0xff, 0xff, 0xff, 0x9f, 0xcf,
	0xdf, 0x86, 0xff, 0x76, 0x7e, 0x6e, 0x7e, 0x6e, 0x7e, 0x6e, 0x7e, 0x6e, 0x7e, 0x6e, 0x7e,
	0x6e, 0x7e, 0x6e, 0x7e, 0x6e, 0x7e, 0x6e, 0x7e, 0x6e, 0x7e, 0x6e, 0x9e, 0x76, 0x3e, 0x66,
	0x39, 0x04, 0x18, 0x04, 0xf8, 0x03, 0xf8, 0x03, 0xd8, 0x03, 0xd7, 0x03, 0xb7, 0x03, 0xb7,
	0x03, 0x97, 0x03, 0x77, 0x03, 0x76, 0x03, 0x76, 0x03, 0x36, 0x03, 0x57, 0x03, 0xd7, 0x23,
	0x1c, 0xa6, 0xff, 0xff, 0xff, 0xff, 0xff, 0xff, 0xff, 0xff, 0xff, 0xff, 0xff, 0xff, 0xff,
	0xff, 0xff, 0xff, 0xff, 0xff, 0xff, 0xff, 0xff, 0xff, 0xff, 0xff, 0xff, 0xff, 0xff, 0xff,
	0xff, 0xff, 0xff, 0xff, 0xff, 0xff, 0xff, 0xff, 0xff, 0xff, 0xff, 0xff, 0xff, 0xff, 0xff,
	0xff, 0xff, 0xff, 0xff, 0xff, 0xff, 0xff, 0xff, 0xff, 0x9f, 0xdf, 0x7e, 0x6e, 0xfe, 0x35,
	0x9c, 0x2d, 0x7c, 0x25, 0x7c, 0x1d, 0x7c, 0x0d, 0x5c, 0x05, 0x5c, 0x05, 0x5c, 0x05, 0x3c,
	0x05, 0x3c, 0x05, 0x3b, 0x05, 0x1b, 0x05, 0x1b, 0x05, 0x1b, 0x05, 0x1b, 0x05, 0xfb, 0x04,
	0xfb, 0x04, 0xfb, 0x04, 0xfb, 0x04, 0xfb, 0x04, 0xfb, 0x04, 0xfb, 0x04, 0xfb, 0x04, 0xfb,
	0x04, 0xfb, 0x04, 0xfb, 0x04, 0xfb, 0x04, 0xfb, 0x04, 0xdb, 0x04, 0xfb, 0x04, 0x1c, 0x05,
	0x5d, 0x0d, 0x1d, 0x66, 0x9f, 0xe7, 0xff, 0xff, 0xff, 0xff, 0xff, 0xff, 0xff, 0xff, 0xff,
	0xff, 0xff, 0xff, 0xff, 0xff, 0xff, 0xff, 0xff, 0xff, 0xff, 0xff, 0xff, 0xff, 0xff, 0xff,
	0xff, 0xff, 0xff, 0xff, 0xbf, 0xdf, 0xff, 0x96, 0x1f, 0x77, 0x7e, 0x6e, 0x7e, 0x6e, 0x7e,
	0x6e, 0x7e, 0x6e, 0x7e, 0x6e, 0x7e, 0x6e, 0x7e, 0x6e, 0x7e, 0x6e, 0x7e, 0x6e, 0x7e, 0x6e,
	0x7e, 0x6e, 0x7e, 0x6e, 0x7e, 0x6e, 0x9e, 0x76, 0x3e, 0x66, 0x39, 0x04, 0x18, 0x04, 0xf8,
	0x03, 0xf8, 0x03, 0xd8, 0x03, 0xd7, 0x03, 0xb7, 0x03, 0xb7, 0x03, 0x97, 0x03, 0x77, 0x03,
	0x76, 0x03, 0x56, 0x03, 0x56, 0x03, 0x36, 0x03, 0x16, 0x03, 0x57, 0x0b, 0x38, 0x44, 0xdd,
	0xc6, 0xff, 0xff, 0xff, 0xff, 0xff, 0xff, 0xff, 0xff, 0xff, 0xff, 0xff, 0xff, 0xff, 0xff,
	0xff, 0xff, 0xff, 0xff, 0xff, 0xff, 0xff, 0xff, 0xff, 0xff, 0xff, 0xff, 0xff, 0xff, 0xff,
	0xff, 0xff, 0xff, 0xff, 0xff, 0xff, 0xff, 0xff, 0xff, 0xff, 0xff, 0xff, 0xff, 0xff, 0xff,
	0xff, 0xf7, 0x1f, 0xaf, 0x1e, 0x4e, 0xde, 0x3d, 0x9c, 0x35, 0x9c, 0x2d, 0x7c, 0x25, 0x7c,
	0x1d, 0x7c, 0x0d, 0x5c, 0x05, 0x5c, 0x05, 0x5c, 0x05, 0x3c, 0x05, 0x3c, 0x05, 0x3b, 0x05,
	0x1b, 0x05, 0x1b, 0x05, 0x1b, 0x05, 0x1b, 0x05, 0xfb, 0x04, 0xfb, 0x04, 0xfb, 0x04, 0xfb,
	0x04, 0xfb, 0x04, 0xfb, 0x04, 0xfb, 0x04, 0xfb, 0x04, 0xfb, 0x04, 0xfb, 0x04, 0xfb, 0x04,
	0xfb, 0x04, 0xfb, 0x04, 0xfb, 0x04, 0xfb, 0x04, 0xfb, 0x04, 0xdb, 0x04, 0x1c, 0x05, 0x3c,
	0x15, 0x9e, 0x86, 0xdf, 0xf7, 0xff, 0xff, 0xff, 0xff, 0xff, 0xff, 0xff, 0xff, 0xff, 0xff,
	0xff, 0xff, 0xff, 0xff, 0xff, 0xff, 0xff, 0xff, 0xff, 0xff, 0xdf, 0xef, 0x3f, 0xaf, 0xff,
	0x7e, 0xbf, 0x6e, 0x7e, 0x6e, 0x7e, 0x6e, 0x7e, 0x6e, 0x7e, 0x6e, 0x7e, 0x6e, 0x7e, 0x6e,
	0x7e, 0x6e, 0x7e, 0x6e, 0x7e, 0x6e, 0x7e, 0x6e, 0x7e, 0x6e, 0x7e, 0x6e, 0x7e, 0x6e, 0x7e,
	0x6e, 0x9e, 0x76, 0x3e, 0x66, 0x39, 0x04, 0x18, 0x04, 0xf8, 0x03, 0xf8, 0x03, 0xd8, 0x03,
	0xd7, 0x03, 0xb7, 0x03, 0xb7, 0x03, 0x97, 0x03, 0x77, 0x03, 0x76, 0x03, 0x56, 0x03, 0x56,
	0x03, 0x36, 0x03, 0x16, 0x03, 0x15, 0x03, 0xf5, 0x02, 0x57, 0x13, 0xb9, 0x64, 0x3e, 0xdf,
	0xff, 0xff, 0xff, 0xff, 0xff, 0xff, 0xff, 0xff, 0xff, 0xff, 0xff, 0xff, 0xff, 0xff, 0xff,
	0xff, 0xff, 0xff, 0xff, 0xff, 0xff, 0xff, 0xff, 0xff, 0xff, 0xff, 0xff, 0xff, 0xff, 0xff,
	0xff, 0xff, 0xff, 0xff, 0xff, 0xff, 0xff, 0xff, 0x7f, 0xcf, 0x7f, 0x76, 0x5f, 0x4e, 0xbd,
	0x45, 0xbc, 0x3d, 0x9c, 0x35, 0x9c, 0x2d, 0x7c, 0x25, 0x7c, 0x1d, 0x7c, 0x0d, 0x5c, 0x05,
	0x5c, 0x05, 0x5c, 0x05, 0x3c, 0x05, 0x3c, 0x05, 0x3b, 0x05, 0x1b, 0x05, 0x1b, 0x05, 0x1b,
	0x05, 0x1b, 0x05, 0xfb, 0x04, 0xfb, 0x04, 0xfb, 0x04, 0xfb, 0x04, 0xfb, 0x04, 0xfb, 0x04,
	0xfb, 0x04, 0xfb, 0x04, 0xfb, 0x04, 0xfb, 0x04, 0xfb, 0x04, 0xfb, 0x04, 0xfb, 0x04, 0xfb,
	0x04, 0xfb, 0x04, 0xfb, 0x04, 0xdb, 0x04, 0xfb, 0x04, 0xdb, 0x04, 0x3d, 0x05, 0x5c, 0x25,
	0xbe, 0x9e, 0xff, 0xff, 0xff, 0xff, 0xff, 0xff, 0xff, 0xff, 0xff, 0xff, 0xff, 0xff, 0xff,
	0xff, 0xff, 0xff, 0x7f, 0xbf, 0xbf, 0x7e, 0xdf, 0x76, 0x7e, 0x6e, 0x7e, 0x6e, 0x7e, 0x6e,
	0x7e, 0x6e, 0x7e, 0x6e, 0x7e, 0x6e, 0x7e, 0x6e, 0x7e, 0x6e, 0x7e, 0x6e, 0x7e, 0x6e, 0x7e,
	0x6e, 0x7e, 0x6e, 0x7e, 0x6e, 0x7e, 0x6e, 0x7e, 0x6e, 0x7e, 0x6e, 0x9e, 0x76, 0x3e, 0x66,
	0x39, 0x04, 0x18, 0x04, 0xf8, 0x03, 0xf8, 0x03, 0xd8, 0x03, 0xd7, 0x03, 0xb7, 0x03, 0xb7,
	0x03, 0x97, 0x03, 0x77, 0x03, 0x76, 0x03, 0x56, 0x03, 0x56, 0x03, 0x36, 0x03, 0x16, 0x03,
	0xf5, 0x02, 0xf5, 0x02, 0xd5, 0x02, 0xd5, 0x02, 0xf5, 0x1a, 0x5a, 0x8d, 0xbf, 0xf7, 0xff,
	0xff, 0xff, 0xff, 0xff, 0xff, 0xff, 0xff, 0xff, 0xff, 0xff, 0xff, 0xff, 0xff, 0xff, 0xff,
	0xff, 0xff, 0xff, 0xff, 0xff, 0xff, 0xff, 0xff, 0xff, 0xff, 0xff, 0xff, 0xff, 0xff, 0xdf,
	0xef, 0x1f, 0x9f, 0x5f, 0x5e, 0x1e, 0x4e, 0xdd, 0x4d, 0xdd, 0x45, 0xbd, 0x3d, 0x9c, 0x35,
	0x9c, 0x2d, 0x7c, 0x25, 0x7c, 0x1d, 0x7c, 0x0d, 0x5c, 0x05, 0x5c, 0x05, 0x5c, 0x05, 0x3c,
	0x05, 0x3c, 0x05, 0x3b, 0x05, 0x1b, 0x05, 0x1b, 0x05, 0x1b, 0x05, 0x1b, 0x05, 0xfb, 0x04,
	0xfb, 0x04, 0xfb, 0x04, 0xfb, 0x04, 0xfb, 0x04, 0xfb, 0x04, 0xfb, 0x04, 0xfb, 0x04, 0xfb,
	0x04, 0xfb, 0x04, 0xfb, 0x04, 0xfb, 0x04, 0xfb, 0x04, 0xfb, 0x04, 0xfb, 0x04, 0xfb, 0x04,
	0xdb, 0x04, 0xdb, 0x04, 0xdb, 0x04, 0xdb, 0x04, 0xdb, 0x04, 0x5d, 0x05, 0x9c, 0x35, 0x1e,
	0xb7, 0xff, 0xff, 0xff, 0xff, 0xff, 0xff, 0xff, 0xff, 0x9f, 0xd7, 0xdf, 0x86, 0xff, 0x76,
	0x7e, 0x6e, 0x7e, 0x6e, 0x7e, 0x6e, 0x7e, 0x6e, 0x7e, 0x6e, 0x7e, 0x6e, 0x7e, 0x6e, 0x7e,
	0x6e, 0x7e, 0x6e, 0x7e, 0x6e, 0x7e, 0x6e, 0x7e, 0x6e, 0x7e, 0x6e, 0x7e, 0x6e, 0x7e, 0x6e,
	0x7e, 0x6e, 0x7e, 0x6e, 0x7e, 0x6e, 0x9e, 0x76, 0x3e, 0x66, 0x39, 0x04, 0x18, 0x04, 0xf8,
	0x03, 0xf8, 0x03, 0xd8, 0x03, 0xd7, 0x03, 0xb7, 0x03, 0xb7, 0x03, 0x97, 0x03, 0x77, 0x03,
	0x76, 0x03, 0x56, 0x03, 0x56, 0x03, 0x36, 0x03, 0x16, 0x03, 0xf5, 0x02, 0xf5, 0x02, 0xd5,
	0x02, 0xd4, 0x0a, 0x94, 0x0a, 0xb5, 0x12, 0x76, 0x3b, 0xfd, 0xd6, 0xff, 0xff, 0xff, 0xff,
	0xff, 0xff, 0xff, 0xff, 0xff, 0xff, 0xff, 0xff, 0xff, 0xff, 0xff, 0xff, 0xff, 0xff, 0xff,
	0xff, 0xff, 0xff, 0xff, 0xff, 0xff, 0xff, 0x7f, 0xd7, 0x9f, 0x6e, 0x7f, 0x5e, 0x1d, 0x56,
	0xfd, 0x4d, 0xdd, 0x4d, 0xdd, 0x45, 0xbd, 0x3d, 0x9c, 0x35, 0x9c, 0x2d, 0x7c, 0x25, 0x7c,
	0x1d, 0x7c, 0x0d, 0x5c, 0x05, 0x5c, 0x05, 0x5c, 0x05, 0x3c, 0x05, 0x3c, 0x05, 0x3b, 0x05,
	0x1b, 0x05, 0x1b, 0x05, 0x1b, 0x05, 0x1b, 0x05, 0xfb, 0x04, 0xfb, 0x04, 0xfb, 0x04, 0xfb,
	0x04, 0xfb, 0x04, 0xfb, 0x04, 0xfb, 0x04, 0xfb, 0x04, 0xfb, 0x04, 0xfb, 0x04, 0xfb, 0x04,
	0xfb, 0x04, 0xfb, 0x04, 0xfb, 0x04, 0xfb, 0x04, 0xfb, 0x04, 0xdb, 0x04, 0xdb, 0x04, 0xdb,
	0x04, 0xdb, 0x04, 0xdb, 0x04, 0xdb, 0x04, 0xdb, 0x04, 0x3d, 0x0d, 0xfd, 0x55, 0x5f, 0xcf,
	0xdf, 0xef, 0x1f, 0x9f, 0xff, 0x76, 0x9f, 0x6e, 0x7e, 0x6e, 0x7e, 0x6e, 0x7e, 0x6e, 0x7e,
	0x6e, 0x7e, 0x6e, 0x7e, 0x6e, 0x7e, 0x6e, 0x7e, 0x6e, 0x7e, 0x6e, 0x7e, 0x6e, 0x7e, 0x6e,
	0x7e, 0x6e, 0x7e, 0x6e, 0x7e, 0x6e, 0x7e, 0x6e, 0x7e, 0x6e, 0x7e, 0x6e, 0x7e, 0x6e, 0x7e,
	0x6e, 0x9e, 0x76, 0x3e, 0x66, 0x39, 0x04, 0x18, 0x04, 0xf8, 0x03, 0xf8, 0x03, 0xd8, 0x03,
	0xd7, 0x03, 0xb7, 0x03, 0xb7, 0x03, 0x97, 0x03, 0x77, 0x03, 0x76, 0x03, 0x56, 0x03, 0x56,
	0x03, 0x36, 0x03, 0x16, 0x03, 0xf5, 0x02, 0xf5, 0x02, 0xd5, 0x02, 0xb4, 0x0a, 0x94, 0x0a,
	0x94, 0x12, 0x34, 0x0a, 0xf5, 0x32, 0x9f, 0xf7, 0xff, 0xff, 0xff, 0xff, 0xff, 0xff, 0xff,
	0xff, 0xff, 0xff, 0xff, 0xff, 0xff, 0xff, 0xff, 0xff, 0xff, 0xff, 0xff, 0xff, 0xff, 0xff,
	0x9f, 0xdf, 0x1f, 0x7f, 0x3e, 0x5e, 0x3d, 0x5e, 0x1d, 0x56, 0xfd, 0x4d, 0xdd, 0x4d, 0xdd,
	0x45, 0xbd, 0x3d, 0x9c, 0x35, 0x9c, 0x2d, 0x7c, 0x25, 0x7c, 0x1d, 0x7c, 0x0d, 0x5c, 0x05,
	0x5c, 0x05, 0x5c, 0x05, 0x3c, 0x05, 0x3c, 0x05, 0x3b, 0x05, 0x1b, 0x05, 0x1b, 0x05, 0x1b,
	0x05, 0x1b, 0x05, 0xfb, 0x04, 0xfb, 0x04, 0xfb, 0x04, 0xfb, 0x04, 0xfb, 0x04, 0xfb, 0x04,
	0xfb, 0x04, 0xfb, 0x04, 0xfb, 0x04, 0xfb, 0x04, 0xfb, 0x04, 0xfb, 0x04, 0xfb, 0x04, 0xfb,
	0x04, 0xfb, 0x04, 0xfb, 0x04, 0xdb, 0x04, 0xdb, 0x04, 0xdb, 0x04, 0xdb, 0x04, 0xdb, 0x04,
	0xdb, 0x04, 0xdb, 0x04, 0xdb, 0x04, 0x1c, 0x05, 0xfb, 0x04, 0xbd, 0x3d, 0xbf, 0x6e, 0x9e,
	0x76, 0x7e, 0x6e, 0x7e, 0x6e, 0x7e, 0x6e, 0x7e, 0x6e, 0x7e, 0x6e, 0x7e, 0x6e, 0x7e, 0x6e,
	0x7e, 0x6e, 0x7e, 0x6e, 0x7e, 0x6e, 0x7e, 0x6e, 0x7e, 0x6e, 0x7e, 0x6e, 0x7e, 0x6e, 0x7e,
	0x6e, 0x7e, 0x6e, 0x7e, 0x6e, 0x7e, 0x6e, 0x7e, 0x6e, 0x7e, 0x6e, 0x9e, 0x6e, 0x5e, 0x66,
	0x59, 0x0c, 0xf8, 0x03, 0xf8, 0x03, 0xf8, 0x03, 0xd8, 0x03, 0xd7, 0x03, 0xb7, 0x03, 0xb7,
	0x03, 0x97, 0x03, 0x77, 0x03, 0x76, 0x03, 0x56, 0x03, 0x56, 0x03, 0x36, 0x03, 0x16, 0x03,
	0xf5, 0x02, 0xf5, 0x02, 0xd5, 0x02, 0xb4, 0x0a, 0x94, 0x0a, 0x74, 0x12, 0x74, 0x1a, 0x75,
	0x1a, 0xba, 0xa5, 0xff, 0xff, 0xff, 0xff, 0xff, 0xff, 0xff, 0xff, 0xff, 0xff, 0xff, 0xff,
	0xff, 0xff, 0xff, 0xff, 0xff, 0xff, 0xff, 0xff, 0xff, 0xff, 0xdf, 0x86, 0x9f, 0x6e, 0x3e,
	0x66, 0x3e, 0x5e, 0x1d, 0x56, 0xfd, 0x4d, 0xdd, 0x4d, 0xdd, 0x45, 0xbd, 0x3d, 0x9c, 0x35,
	0x9c, 0x2d, 0x7c, 0x25, 0x7c, 0x1d, 0x7c, 0x0d, 0x5c, 0x05, 0x5c, 0x05, 0x5c, 0x05, 0x3c,
	0x05, 0x3c, 0x05, 0x3b, 0x05, 0x1b, 0x05, 0x1b, 0x05, 0x1b, 0x05, 0x1b, 0x05, 0xfb, 0x04,
	0xfb, 0x04, 0xfb, 0x04, 0xfb, 0x04, 0xfb, 0x04, 0xfb, 0x04, 0xfb, 0x04, 0xfb, 0x04, 0xfb,
	0x04, 0xfb, 0x04, 0xfb, 0x04, 0xfb, 0x04, 0xfb, 0x04, 0xfb, 0x04, 0xfb, 0x04, 0xfb, 0x04,
	0xdb, 0x04, 0xdb, 0x04, 0xdb, 0x04, 0xdb, 0x04, 0xdb, 0x04, 0xdb, 0x04, 0xdb, 0x04, 0xdb,
	0x04, 0xdb, 0x04, 0xdb, 0x04, 0xba, 0x04, 0x1b, 0x15, 0xfd, 0x45, 0x9e, 0x76, 0x9f, 0x76,
	0x7e, 0x6e, 0x7e, 0x6e, 0x7e, 0x6e, 0x7e, 0x6e, 0x7e, 0x6e, 0x7e, 0x6e, 0x7e, 0x6e, 0x7e,
	0x6e, 0x7e, 0x6e, 0x7e, 0x6e, 0x7e, 0x6e, 0x7e, 0x6e, 0x7e, 0x6e, 0x7e, 0x6e, 0x7e, 0x6e,
	0x7e, 0x6e, 0x7e, 0x6e, 0x7e, 0x6e, 0x9e, 0x6e, 0x5e, 0x66, 0x59, 0x0c, 0xf8, 0x03, 0xf8,
	0x03, 0xf8, 0x03, 0xd8, 0x03, 0xd7, 0x03, 0xb7, 0x03, 0xb7, 0x03, 0x97, 0x03, 0x77, 0x03,
	0x76, 0x03, 0x56, 0x03, 0x56, 0x03, 0x36, 0x03, 0x16, 0x03, 0xf5, 0x02, 0xf5, 0x02, 0xd5,
	0x02, 0xb4, 0x0a, 0x94, 0x0a, 0x74, 0x12, 0x74, 0x1a, 0x74, 0x1a, 0x58, 0x6c, 0xff, 0xff,
	0xff, 0xff, 0xff, 0xff, 0xff, 0xff, 0xff, 0xff, 0xff, 0xff, 0xff, 0xff, 0xff, 0xff, 0xff,
	0xff, 0xff, 0xff, 0xbf, 0xe7, 0xff, 0x7e, 0x7e, 0x6e, 0x7e, 0x6e, 0x5e, 0x66, 0x1d, 0x56,
	0xfd, 0x4d, 0xdd, 0x4d, 0xdd, 0x45, 0xbd, 0x3d, 0x9c, 0x35, 0x9c, 0x2d, 0x7c, 0x25, 0x7c,
	0x1d, 0x7c, 0x0d, 0x5c, 0x05, 0x5c, 0x05, 0x5c, 0x05, 0x3c, 0x05, 0x3c, 0x05, 0x3b, 0x05,
	0x1b, 0x05, 0x1b, 0x05, 0x1b, 0x05, 0x1b, 0x05, 0xfb, 0x04, 0xfb, 0x04, 0xfb, 0x04, 0xfb,
	0x04, 0xfb, 0x04, 0xfb, 0x04, 0xfb, 0x04, 0xfb, 0x04, 0xfb, 0x04, 0xfb, 0x04, 0xfb, 0x04,
	0xfb, 0x04, 0xfb, 0x04, 0xfb, 0x04, 0xfb, 0x04, 0xfb, 0x04, 0xdb, 0x04, 0xdb, 0x04, 0xdb,
	0x04, 0xdb, 0x04, 0xdb, 0x04, 0xdb, 0x04, 0xdb, 0x04, 0xdb, 0x04, 0xdb, 0x04, 0xdb, 0x04,
	0xdb, 0x04, 0xbb, 0x04, 0xba, 0x04, 0x3b, 0x1d, 0x1d, 0x56, 0x9f, 0x76, 0x9e, 0x76, 0x7e,
	0x6e, 0x7e, 0x6e, 0x7e, 0x6e, 0x7e, 0x6e, 0x7e, 0x6e, 0x7e, 0x6e, 0x7e, 0x6e, 0x7e, 0x6e,
	0x7e, 0x6e, 0x7e, 0x6e, 0x7e, 0x6e, 0x7e, 0x6e, 0x7e, 0x6e, 0x7e, 0x6e, 0x7e, 0x6e, 0x7e,
	0x6e, 0x9e, 0x6e, 0x5e, 0x66, 0x59, 0x0c, 0xf8, 0x03, 0xf8, 0x03, 0xf8, 0x03, 0xd8, 0x03,
	0xd7, 0x03, 0xb7, 0x03, 0xb7, 0x03, 0x97, 0x03, 0x77, 0x03, 0x76, 0x03, 0x56, 0x03, 0x56,
	0x03, 0x36, 0x03, 0x16, 0x03, 0xf5, 0x02, 0xf5, 0x02, 0xd5, 0x02, 0xb4, 0x0a, 0x94, 0x0a,
	0x74, 0x12, 0x74, 0x1a, 0x34, 0x12, 0xb6, 0x53, 0xff, 0xff, 0xff, 0xff, 0xff, 0xff, 0xff,
	0xff, 0xff, 0xff, 0xff, 0xff, 0xff, 0xff, 0xff, 0xff, 0xff, 0xff, 0xff, 0xff, 0xbf, 0xdf,
	0x1f, 0x7f, 0x7e, 0x6e, 0x7e, 0x6e, 0x9e, 0x6e, 0x7e, 0x66, 0x1d, 0x56, 0xdd, 0x45, 0xbd,
	0x3d, 0xbd, 0x3d, 0x9c, 0x35, 0x9c, 0x2d, 0x7c, 0x25, 0x7c, 0x1d, 0x7c, 0x0d, 0x5c, 0x05,
	0x5c, 0x05, 0x5c, 0x05, 0x3c, 0x05, 0x3c, 0x05, 0x3b, 0x05, 0x1b, 0x05, 0x1b, 0x05, 0x1b,
	0x05, 0x1b, 0x05, 0xfb, 0x04, 0xfb, 0x04, 0xfb, 0x04, 0xfb, 0x04, 0xfb, 0x04, 0xfb, 0x04,
	0xfb, 0x04, 0xfb, 0x04, 0xfb, 0x04, 0xfb, 0x04, 0xfb, 0x04, 0xfb, 0x04, 0xfb, 0x04, 0xfb,
	0x04, 0xfb, 0x04, 0xfb, 0x04, 0xdb, 0x04, 0xdb, 0x04, 0xdb, 0x04, 0xdb, 0x04, 0xdb, 0x04,
	0xdb, 0x04, 0xdb, 0x04, 0xdb, 0x04, 0xdb, 0x04, 0xdb, 0x04, 0xdb, 0x04, 0xdb, 0x04, 0xdb,
	0x04, 0xba, 0x04, 0xba, 0x04, 0x5c, 0x25, 0x3e, 0x5e, 0x9f, 0x76, 0x9e, 0x6e, 0x7e, 0x6e,
	0x7e, 0x6e, 0x7e, 0x6e, 0x7e, 0x6e, 0x7e, 0x6e, 0x7e, 0x6e, 0x7e, 0x6e, 0x7e, 0x6e, 0x7e,
	0x6e, 0x7e, 0x6e, 0x7e, 0x6e, 0x7e, 0x6e, 0x7e, 0x6e, 0x7e, 0x6e, 0x9e, 0x6e, 0x5e, 0x66,
	0x59, 0x0c, 0xf8, 0x03, 0xf8, 0x03, 0xf8, 0x03, 0xd8, 0x03, 0xd7, 0x03, 0xb7, 0x03, 0xb7,
	0x03, 0x97, 0x03, 0x77, 0x03, 0x76, 0x03, 0x56, 0x03, 0x56, 0x03, 0x36, 0x03, 0x16, 0x03,
	0xf5, 0x02, 0xf5, 0x02, 0xd5, 0x02, 0xb4, 0x0a, 0x94, 0x0a, 0x74, 0x12, 0x74, 0x12, 0x34,
	0x12, 0x55, 0x4b, 0xff, 0xff, 0xff, 0xff, 0xff, 0xff, 0xff, 0xff, 0xff, 0xff, 0xff, 0xff,
	0xff, 0xff, 0xff, 0xff, 0xff, 0xff, 0xff, 0xff, 0x9f, 0xdf, 0x1f, 0x7f, 0x7e, 0x6e, 0x7e,
	0x6e, 0x7e, 0x6e, 0x9e, 0x6e, 0x9e, 0x6e, 0x5e, 0x66, 0xdd, 0x45, 0xbc, 0x35, 0x9c, 0x35,
	0x9c, 0x2d, 0x7c, 0x25, 0x7c, 0x1d, 0x7c, 0x0d, 0x5c, 0x05, 0x5c, 0x05, 0x5c, 0x05, 0x3c,
	0x05, 0x3c, 0x05, 0x3b, 0x05, 0x1b, 0x05, 0x1b, 0x05, 0x1b, 0x05, 0x1b, 0x05, 0xfb, 0x04,
	0xfb, 0x04, 0xfb, 0x04, 0xfb, 0x04, 0xfb, 0x04, 0xfb, 0x04, 0xfb, 0x04, 0xfb, 0x04, 0xfb,
	0x04, 0xfb, 0x04, 0xfb, 0x04, 0xfb, 0x04, 0xfb, 0x04, 0xfb, 0x04, 0xfb, 0x04, 0xfb, 0x04,
	0xdb, 0x04, 0xdb, 0x04, 0xdb, 0x04, 0xdb, 0x04, 0xdb, 0x04, 0xdb, 0x04, 0xdb, 0x04, 0xdb,
	0x04, 0xdb, 0x04, 0xdb, 0x04, 0xdb, 0x04, 0xdb, 0x04, 0xdb, 0x04, 0xdb, 0x04, 0xdb, 0x04,
	0x9a, 0x04, 0xba, 0x04, 0x7c, 0x35, 0x5e, 0x66, 0x9f, 0x76, 0x7e, 0x6e, 0x7e, 0x6e, 0x7e,
	0x6e, 0x7e, 0x6e, 0x7e, 0x6e, 0x7e, 0x6e, 0x7e, 0x6e, 0x7e, 0x6e, 0x7e, 0x6e, 0x7e, 0x6e,
	0x7e, 0x6e, 0x7e, 0x6e, 0x7e, 0x6e, 0x9e, 0x6e, 0x5e, 0x66, 0x59, 0x0c, 0xf8, 0x03, 0xf8,
	0x03, 0xf8, 0x03, 0xd8, 0x03, 0xd7, 0x03, 0xb7, 0x03, 0xb7, 0x03, 0x97, 0x03, 0x77, 0x03,
	0x76, 0x03, 0x56, 0x03, 0x56, 0x03, 0x36, 0x03, 0x16, 0x03, 0xf5, 0x02, 0xf5, 0x02, 0xd5,
	0x02, 0xb4, 0x0a, 0x94, 0x0a, 0x74, 0x12, 0x74, 0x12, 0x54, 0x1a, 0xd4, 0x3a, 0xdf, 0xff,
	0xff, 0xff, 0xff, 0xff, 0xff, 0xff, 0xff, 0xff, 0xff, 0xff, 0xff, 0xff, 0xff, 0xff, 0xff,
	0xff, 0xff, 0xff, 0x9f, 0xdf, 0x1f, 0x7f, 0x7e, 0x6e, 0x7e, 0x6e, 0x7e, 0x6e, 0x7e, 0x6e,
	0x7e, 0x6e, 0x9e, 0x6e, 0x7e, 0x6e, 0x1d, 0x56, 0xbc, 0x35, 0x7c, 0x25, 0x7c, 0x25, 0x7c,
	0x1d, 0x7c, 0x0d, 0x5c, 0x05, 0x5c, 0x05, 0x5c, 0x05, 0x3c, 0x05, 0x3c, 0x05, 0x3b, 0x05,
	0x1b, 0x05, 0x1b, 0x05, 0x1b, 0x05, 0x1b, 0x05, 0xfb, 0x04, 0xfb, 0x04, 0xfb, 0x04, 0xfb,
	0x04, 0xfb, 0x04, 0xfb, 0x04, 0xfb, 0x04, 0xfb, 0x04, 0xfb, 0x04, 0xfb, 0x04, 0xfb, 0x04,
	0xfb, 0x04, 0xfb, 0x04, 0xfb, 0x04, 0xfb, 0x04, 0xfb, 0x04, 0xdb, 0x04, 0xdb, 0x04, 0xdb,
	0x04, 0xdb, 0x04, 0xdb, 0x04, 0xdb, 0x04, 0xdb, 0x04, 0xdb, 0x04, 0xdb, 0x04, 0xdb, 0x04,
	0xdb, 0x04, 0xdb, 0x04, 0xdb, 0x04, 0xdb, 0x04, 0xdb, 0x04, 0xdb, 0x04, 0xba, 0x04, 0x9a,
	0x04, 0xdb, 0x0c, 0xbc, 0x3d, 0x7e, 0x6e, 0x9f, 0x76, 0x7e, 0x6e, 0x7e, 0x6e, 0x7e, 0x6e,
	0x7e, 0x6e, 0x7e, 0x6e, 0x7e, 0x6e, 0x7e, 0x6e, 0x7e, 0x6e, 0x7e, 0x6e, 0x7e, 0x6e, 0x7e,
	0x6e, 0x9e, 0x6e, 0x5e, 0x66, 0x59, 0x0c, 0xf8, 0x03, 0xf8, 0x03, 0xf8, 0x03, 0xd8, 0x03,
	0xd7, 0x03, 0xb7, 0x03, 0xb7, 0x03, 0x97, 0x03, 0x77, 0x03, 0x76, 0x03, 0x56, 0x03, 0x56,
	0x03, 0x36, 0x03, 0x16, 0x03, 0xf5, 0x02, 0xf5, 0x02, 0xd5, 0x02, 0xb4, 0x0a, 0x94, 0x0a,
	0x74, 0x12, 0x74, 0x12, 0x54, 0x1a, 0xf5, 0x3a, 0xff, 0xff, 0xff, 0xff, 0xff, 0xff, 0xff,
	0xff, 0xff, 0xff, 0xff, 0xff, 0xff, 0xff, 0xff, 0xff, 0xff, 0xff, 0xff, 0xff, 0xbf, 0xe7,
	0x1f, 0x7f, 0x7e, 0x6e, 0x7e, 0x6e, 0x7e, 0x6e, 0x7e, 0x6e, 0x7e, 0x6e, 0x7e, 0x6e, 0x7e,
	0x6e, 0x9e, 0x76, 0x7e, 0x66, 0xfd, 0x45, 0x7c, 0x1d, 0x7c, 0x15, 0x7c, 0x15, 0x5c, 0x05,
	0x5c, 0x05, 0x5c, 0x05, 0x3c, 0x05, 0x3c, 0x05, 0x3b, 0x05, 0x1b, 0x05, 0x1b, 0x05, 0x1b,
	0x05, 0x1b, 0x05, 0xfb, 0x04, 0xfb, 0x04, 0xfb, 0x04, 0xfb, 0x04, 0xfb, 0x04, 0xfb, 0x04,
	0xfb, 0x04, 0xfb, 0x04, 0xfb, 0x04, 0xfb, 0x04, 0xfb, 0x04, 0xfb, 0x04, 0xfb, 0x04, 0xfb,
	0x04, 0xfb, 0x04, 0xfb, 0x04, 0xdb, 0x04, 0xdb, 0x04, 0xdb, 0x04, 0xdb, 0x04, 0xdb, 0x04,
	0xdb, 0x04, 0xdb, 0x04, 0xdb, 0x04, 0xdb, 0x04, 0xdb, 0x04, 0xdb, 0x04, 0xdb, 0x04, 0xdb,
	0x04, 0xdb, 0x04, 0xdb, 0x04, 0xbb, 0x04, 0xba, 0x04, 0xdb, 0x04, 0xba, 0x04, 0x9a, 0x04,
	0xfb, 0x14, 0xdd, 0x4d, 0x9e, 0x76, 0x9f, 0x76, 0x7e, 0x6e, 0x7e, 0x6e, 0x7e, 0x6e, 0x7e,
	0x6e, 0x7e, 0x6e, 0x7e, 0x6e, 0x7e, 0x6e, 0x7e, 0x6e, 0x7e, 0x6e, 0x9e, 0x6e, 0x5e, 0x66,
	0x59, 0x0c, 0xf8, 0x03, 0xf8, 0x03, 0xf8, 0x03, 0xd8, 0x03, 0xd7, 0x03, 0xb7, 0x03, 0xb7,
	0x03, 0x97, 0x03, 0x77, 0x03, 0x76, 0x03, 0x56, 0x03, 0x56, 0x03, 0x36, 0x03, 0x16, 0x03,
	0xf5, 0x02, 0xf5, 0x02, 0xd5, 0x02, 0xb4, 0x0a, 0x94, 0x0a, 0x74, 0x12, 0x74, 0x12, 0x54,
	0x1a, 0xf5, 0x3a, 0xff, 0xff, 0xff, 0xff, 0xff, 0xff, 0xff, 0xff, 0xff, 0xff, 0xff, 0xff,
	0xff, 0xff, 0xff, 0xff, 0xff, 0xff, 0xff, 0xff, 0xbf, 0xe7, 0x1f, 0x7f, 0x7e, 0x6e, 0x7e,
	0x6e, 0x7e, 0x6e, 0x7e, 0x6e, 0x7e, 0x6e, 0x7e, 0x6e, 0x7e, 0x6e, 0x7e, 0x6e, 0x9e, 0x6e,
	0x9e, 0x76, 0x5e, 0x5e, 0xbd, 0x2d, 0x5c, 0x0d, 0x5c, 0x05, 0x5c, 0x05, 0x5c, 0x05, 0x3c,
	0x05, 0x3c, 0x05, 0x3b, 0x05, 0x1b, 0x05, 0x1b, 0x05, 0x1b, 0x05, 0x1b, 0x05, 0xfb, 0x04,
	0xfb, 0x04, 0xfb, 0x04, 0xfb, 0x04, 0xfb, 0x04, 0xfb, 0x04, 0xfb, 0x04, 0xfb, 0x04, 0xfb,
	0x04, 0xfb, 0x04, 0xfb, 0x04, 0xfb, 0x04, 0xfb, 0x04, 0xfb, 0x04, 0xfb, 0x04, 0xfb, 0x04,
	0xdb, 0x04, 0xdb, 0x04, 0xdb, 0x04, 0xdb, 0x04, 0xdb, 0x04, 0xdb, 0x04, 0xdb, 0x04, 0xdb,
	0x04, 0xdb, 0x04, 0xdb, 0x04, 0xdb, 0x04, 0xdb, 0x04, 0xdb, 0x04, 0xdb, 0x04, 0xdb, 0x04,
	0xbb, 0x04, 0xba, 0x04, 0xba, 0x04, 0xba, 0x04, 0xba, 0x04, 0x9a, 0x04, 0x9a, 0x04, 0x1b,
	0x1d, 0x1d, 0x56, 0x9f, 0x76, 0x9e, 0x76, 0x7e, 0x6e, 0x7e, 0x6e, 0x7e, 0x6e, 0x7e, 0x6e,
	0x7e, 0x6e, 0x7e, 0x6e, 0x7e, 0x6e, 0x9e, 0x6e, 0x5e, 0x66, 0x59, 0x0c, 0xf8, 0x03, 0xf8,
	0x03, 0xf8, 0x03, 0xd8, 0x03, 0xd7, 0x03, 0xb7, 0x03, 0xb7, 0x03, 0x97, 0x03, 0x77, 0x03,
	0x76, 0x03, 0x56, 0x03, 0x56, 0x03, 0x36, 0x03, 0x16, 0x03, 0xf5, 0x02, 0xf5, 0x02, 0xd5,
	0x02, 0xb4, 0x0a, 0x94, 0x0a, 0x74, 0x12, 0x74, 0x12, 0x54, 0x1a, 0xf5, 0x3a, 0xff, 0xff,
	0xff, 0xff, 0xff, 0xff, 0xff, 0xff, 0xff, 0xff, 0xff, 0xff, 0xff, 0xff, 0xff, 0xff, 0xff,
	0xff, 0xff, 0xff, 0xbf, 0xe7, 0x1f, 0x7f, 0x7e, 0x6e, 0x7e, 0x6e, 0x7e, 0x6e, 0x7e, 0x6e,
	0x7e, 0x6e, 0x7e, 0x6e, 0x7e, 0x6e, 0x7e, 0x6e, 0x7e, 0x6e, 0x7e, 0x6e, 0x9e, 0x76, 0x9e,
	0x76, 0x1e, 0x4e, 0x7c, 0x15, 0x3c, 0x05, 0x3c, 0x05, 0x5c, 0x05, 0x3c, 0x05, 0x3b, 0x05,
	0x1b, 0x05, 0x1b, 0x05, 0x1b, 0x05, 0x1b, 0x05, 0xfb, 0x04, 0xfb, 0x04, 0xfb, 0x04, 0xfb,
	0x04, 0xfb, 0x04, 0xfb, 0x04, 0xfb, 0x04, 0xfb, 0x04, 0xfb, 0x04, 0xfb, 0x04, 0xfb, 0x04,
	0xfb, 0x04, 0xfb, 0x04, 0xfb, 0x04, 0xfb, 0x04, 0xfb, 0x04, 0xdb, 0x04, 0xdb, 0x04, 0xdb,
	0x04, 0xdb, 0x04, 0xdb, 0x04, 0xdb, 0x04, 0xdb, 0x04, 0xdb, 0x04, 0xdb, 0x04, 0xdb, 0x04,
	0xdb, 0x04, 0xdb, 0x04, 0xdb, 0x04, 0xdb, 0x04, 0xdb, 0x04, 0xbb, 0x04, 0xba, 0x04, 0xba,
	0x04, 0xba, 0x04, 0xba, 0x04, 0xba, 0x04, 0xba, 0x04, 0x9a, 0x04, 0x9a, 0x04, 0x3b, 0x25,
	0x3e, 0x5e, 0xbf, 0x76, 0x9e, 0x6e, 0x7e, 0x6e, 0x7e, 0x6e, 0x7e, 0x6e, 0x7e, 0x6e, 0x7e,
	0x6e, 0x9e, 0x6e, 0x5e, 0x66, 0x59, 0x0c, 0xf8, 0x03, 0xf8, 0x03, 0xf8, 0x03, 0xd8, 0x03,
	0xd7, 0x03, 0xb7, 0x03, 0xb7, 0x03, 0x97, 0x03, 0x77, 0x03, 0x76, 0x03, 0x56, 0x03, 0x56,
	0x03, 0x36, 0x03, 0x16, 0x03, 0xf5, 0x02, 0xf5, 0x02, 0xd5, 0x02, 0xb4, 0x0a, 0x94, 0x0a,
	0x74, 0x12, 0x74, 0x12, 0x54, 0x1a, 0xf5, 0x3a, 0xff, 0xff, 0xff, 0xff, 0xff, 0xff, 0xff,
	0xff, 0xff, 0xff, 0xff, 0xff, 0xff, 0xff, 0xff, 0xff, 0xff, 0xff, 0xff, 0xff, 0xbf, 0xe7,
	0x1f, 0x7f, 0x7e, 0x6e, 0x7e, 0x6e, 0x7e, 0x6e, 0x7e, 0x6e, 0x7e, 0x6e, 0x7e, 0x6e, 0x7e,
	0x6e, 0x7e, 0x6e, 0x7e, 0x6e, 0x7e, 0x6e, 0x7e, 0x6e, 0x7e, 0x6e, 0x9e, 0x76, 0x7e, 0x6e,
	0xfd, 0x3d, 0x5c, 0x0d, 0x3b, 0x05, 0x3c, 0x05, 0x3b, 0x05, 0x1b, 0x05, 0x1b, 0x05, 0x1b,
	0x05, 0x1b, 0x05, 0xfb, 0x04, 0xfb, 0x04, 0xfb, 0x04, 0xfb, 0x04, 0xfb, 0x04, 0xfb, 0x04,
	0xfb, 0x04, 0xfb, 0x04, 0xfb, 0x04, 0xfb, 0x04, 0xfb, 0x04, 0xfb, 0x04, 0xfb, 0x04, 0xfb,
	0x04, 0xfb, 0x04, 0xfb, 0x04, 0xdb, 0x04, 0xdb, 0x04, 0xdb, 0x04, 0xdb, 0x04, 0xdb, 0x04,
	0xdb, 0x04, 0xdb, 0x04, 0xdb, 0x04, 0xdb, 0x04, 0xdb, 0x04, 0xdb, 0x04, 0xdb, 0x04, 0xdb,
	0x04, 0xdb, 0x04, 0xdb, 0x04, 0xbb, 0x04, 0xba, 0x04, 0xba, 0x04, 0xba, 0x04, 0xba, 0x04,
	0xba, 0x04, 0xba, 0x04, 0xba, 0x04, 0x9a, 0x04, 0x7a, 0x04, 0x9a, 0x04, 0x5c, 0x35, 0x5e,
	0x66, 0xbf, 0x76, 0x7e, 0x6e, 0x7e, 0x6e, 0x7e, 0x6e, 0x7e, 0x6e, 0x9e, 0x6e, 0x5e, 0x66,
	0x59, 0x0c, 0xf8, 0x03, 0xf8, 0x03, 0xf8, 0x03, 0xd8, 0x03, 0xd7, 0x03, 0xb7, 0x03, 0xb7,
	0x03, 0x97, 0x03, 0x77, 0x03, 0x76, 0x03, 0x56, 0x03, 0x56, 0x03, 0x36, 0x03, 0x16, 0x03,
	0xf5, 0x02, 0xf5, 0x02, 0xd5, 0x02, 0xb4, 0x0a, 0x94, 0x0a, 0x74, 0x12, 0x74, 0x12, 0x54,
	0x1a, 0xf5, 0x3a, 0xff, 0xff, 0xff, 0xff, 0xff, 0xff, 0xff, 0xff, 0xff, 0xff, 0xff, 0xff,
	0xff, 0xff, 0xff, 0xff, 0xff, 0xff, 0xff, 0xff, 0xbf, 0xe7, 0x1f, 0x7f, 0x7e, 0x6e, 0x7e,
	0x6e, 0x7e, 0x6e, 0x7e, 0x6e, 0x7e, 0x6e, 0x7e, 0x6e, 0x7e, 0x6e, 0x7e, 0x6e, 0x7e, 0x6e,
	0x7e, 0x6e, 0x7e, 0x6e, 0x7e, 0x6e, 0x7e, 0x6e, 0x7e, 0x6e, 0x9f, 0x76, 0x5e, 0x66, 0xbd,
	0x2d, 0x3c, 0x05, 0x1b, 0x05, 0x3b, 0x05, 0x1b, 0x05, 0x1b, 0x05, 0x1b, 0x05, 0xfb, 0x04,
	0xfb, 0x04, 0xfb, 0x04, 0xfb, 0x04, 0xfb, 0x04, 0xfb, 0x04, 0xfb, 0x04, 0xfb, 0x04, 0xfb,
	0x04, 0xfb, 0x04, 0xfb, 0x04, 0xfb, 0x04, 0xfb, 0x04, 0xfb, 0x04, 0xfb, 0x04, 0xfb, 0x04,
	0xdb, 0x04, 0xdb, 0x04, 0xdb, 0x04, 0xdb, 0x04, 0xdb, 0x04, 0xdb, 0x04, 0xdb, 0x04, 0xdb,
	0x04, 0xdb, 0x04, 0xdb, 0x04, 0xdb, 0x04, 0xdb, 0x04, 0xdb, 0x04, 0xdb, 0x04, 0xdb, 0x04,
	0xbb, 0x04, 0xba, 0x04, 0xba, 0x04, 0xba, 0x04, 0xba, 0x04, 0xba, 0x04, 0xba, 0x04, 0xba,
	0x04, 0x9a, 0x04, 0x9a, 0x04, 0x9a, 0x04, 0x59, 0x04, 0x9a, 0x0c, 0x9c, 0x45, 0x7e, 0x6e,
	0xbf, 0x76, 0x7e, 0x6e, 0x7e, 0x6e, 0x7e, 0x6e, 0x7e, 0x6e, 0x99, 0x14, 0xf8, 0x03, 0xf8,
	0x03, 0xf8, 0x03, 0xd8, 0x03, 0xd7, 0x03, 0xb7, 0x03, 0xb7, 0x03, 0x97, 0x03, 0x77, 0x03,
	0x76, 0x03, 0x56, 0x03, 0x56, 0x03, 0x36, 0x03, 0x16, 0x03, 0xf5, 0x02, 0xf5, 0x02, 0xd5,
	0x02, 0xb4, 0x0a, 0x94, 0x0a, 0x74, 0x12, 0x74, 0x12, 0x33, 0x12, 0xf5, 0x3a, 0xdf, 0xff,
	0xff, 0xff, 0xff, 0xff, 0xff, 0xff, 0xff, 0xff, 0xff, 0xff, 0xff, 0xff, 0xff, 0xff, 0xff,
	0xff, 0xff, 0xff, 0xbf, 0xe7, 0x1f, 0x7f, 0x7e, 0x6e, 0x7e, 0x6e, 0x7e, 0x6e, 0x7e, 0x6e,
	0x7e, 0x6e, 0x7e, 0x6e, 0x7e, 0x6e, 0x7e, 0x6e, 0x7e, 0x6e, 0x7e, 0x6e, 0x7e, 0x6e, 0x7e,
	0x6e, 0x7e, 0x6e, 0x7e, 0x6e, 0x7e, 0x6e, 0x9e, 0x76, 0x9f, 0x76, 0x3e, 0x56, 0x7c, 0x1d,
	0x1b, 0x05, 0x1b, 0x05, 0x1b, 0x05, 0x1b, 0x05, 0xfb, 0x04, 0xfb, 0x04, 0xfb, 0x04, 0xfb,
	0x04, 0xfb, 0x04, 0xfb, 0x04, 0xfb, 0x04, 0xfb, 0x04, 0xfb, 0x04, 0xfb, 0x04, 0xfb, 0x04,
	0xfb, 0x04, 0xfb, 0x04, 0xfb, 0x04, 0xfb, 0x04, 0xfb, 0x04, 0xdb, 0x04, 0xdb, 0x04, 0xdb,
	0x04, 0xdb, 0x04, 0xdb, 0x04, 0xdb, 0x04, 0xdb, 0x04, 0xdb, 0x04, 0xdb, 0x04, 0xdb, 0x04,
	0xdb, 0x04, 0xdb, 0x04, 0xdb, 0x04, 0xdb, 0x04, 0xdb, 0x04, 0xbb, 0x04, 0xba, 0x04, 0xba,
	0x04, 0xba, 0x04, 0xba, 0x04, 0xba, 0x04, 0xba, 0x04, 0xba, 0x04, 0x9a, 0x04, 0x9a, 0x04,
	0x9a, 0x04, 0x9a, 0x04, 0x79, 0x04, 0x59, 0x04, 0xba, 0x14, 0xdd, 0x4d, 0x9e, 0x76, 0x9f,
	0x76, 0x7e, 0x6e, 0x7e, 0x6e, 0x99, 0x14, 0xf8, 0x03, 0xf8, 0x03, 0xf8, 0x03, 0xd8, 0x03,
	0xd7, 0x03, 0xb7, 0x03, 0xb7, 0x03, 0x97, 0x03, 0x77, 0x03, 0x76, 0x03, 0x56, 0x03, 0x56,
	0x03, 0x36, 0x03, 0x16, 0x03, 0xf5, 0x02, 0xf5, 0x02, 0xd5, 0x02, 0xb4, 0x0a, 0x94, 0x0a,
	0x74, 0x12, 0x74, 0x12, 0x13, 0x12, 0x16, 0x3b, 0xbf, 0xf7, 0xff, 0xff, 0xff, 0xff, 0xff,
	0xff, 0xff, 0xff, 0xff, 0xff, 0xff, 0xff, 0xff, 0xff, 0xff, 0xff, 0xff, 0xff, 0xbf, 0xe7,
	0x1f, 0x7f, 0x7e, 0x6e, 0x7e, 0x6e, 0x7e, 0x6e, 0x7e, 0x6e, 0x7e, 0x6e, 0x7e, 0x6e, 0x7e,
	0x6e, 0x7e, 0x6e, 0x7e, 0x6e, 0x7e, 0x6e, 0x7e, 0x6e, 0x7e, 0x6e, 0x7e, 0x6e, 0x7e, 0x6e,
	0x7e, 0x6e, 0x7e, 0x6e, 0x7e, 0x6e, 0x9e, 0x76, 0x9e, 0x76, 0x1d, 0x4e, 0x5c, 0x15, 0xfb,
	0x04, 0xfb, 0x04, 0x1b, 0x05, 0xfb, 0x04, 0xfb, 0x04, 0xfb, 0x04, 0xfb, 0x04, 0xfb, 0x04,
	0xfb, 0x04, 0xfb, 0x04, 0xfb, 0x04, 0xfb, 0x04, 0xfb, 0x04, 0xfb, 0x04, 0xfb, 0x04, 0xfb,
	0x04, 0xfb, 0x04, 0xfb, 0x04, 0xdb, 0x04, 0xdb, 0x04, 0xdb, 0x04, 0xdb, 0x04, 0xdb, 0x04,
	0xdb, 0x04, 0xdb, 0x04, 0xdb, 0x04, 0xdb, 0x04, 0xdb, 0x04, 0xdb, 0x04, 0xdb, 0x04, 0xdb,
	0x04, 0xdb, 0x04, 0xdb, 0x04, 0xbb, 0x04, 0xba, 0x04, 0xba, 0x04, 0xba, 0x04, 0xba, 0x04,
	0xba, 0x04, 0xba, 0x04, 0xba, 0x04, 0x9a, 0x04, 0x9a, 0x04, 0x9a, 0x04, 0x7a, 0x04, 0x7a,
	0x04, 0x7a, 0x04, 0x59, 0x04, 0x39, 0x04, 0xda, 0x1c, 0xfd, 0x55, 0xbf, 0x76, 0x9e, 0x76,
	0x99, 0x14, 0xf8, 0x03, 0xf8, 0x03, 0xf8, 0x03, 0xd8, 0x03, 0xd7, 0x03, 0xb7, 0x03, 0xb7,
	0x03, 0x97, 0x03, 0x77, 0x03, 0x76, 0x03, 0x56, 0x03, 0x56, 0x03, 0x36, 0x03, 0x16, 0x03,
	0xf5, 0x02, 0xf5, 0x02, 0xd5, 0x02, 0xb4, 0x0a, 0x94, 0x0a, 0x74, 0x12, 0x74, 0x12, 0x13,
	0x12, 0x15, 0x3b, 0xbf, 0xf7, 0xff, 0xff, 0xff, 0xff, 0xff, 0xff, 0xff, 0xff, 0xff, 0xff,
	0xff, 0xff, 0xff, 0xff, 0xff, 0xff, 0xff, 0xff, 0xbf, 0xe7, 0x1f, 0x7f, 0x7e, 0x6e, 0x7e,
	0x6e, 0x7e, 0x6e, 0x7e, 0x6e, 0x7e, 0x6e, 0x7e, 0x6e, 0x7e, 0x6e, 0x7e, 0x6e, 0x7e, 0x6e,
	0x7e, 0x6e, 0x7e, 0x6e, 0x7e, 0x6e, 0x7e, 0x6e, 0x7e, 0x6e, 0x7e, 0x6e, 0x7e, 0x6e, 0x7e,
	0x6e, 0x7e, 0x6e, 0x7e, 0x6e, 0x9e, 0x76, 0x7e, 0x6e, 0xdd, 0x3d, 0x1b, 0x0d, 0xfb, 0x04,
	0xfb, 0x04, 0xfb, 0x04, 0xfb, 0x04, 0xfb, 0x04, 0xfb, 0x04, 0xfb, 0x04, 0xfb, 0x04, 0xfb,
	0x04, 0xfb, 0x04, 0xfb, 0x04, 0xfb, 0x04, 0xfb, 0x04, 0xfb, 0x04, 0xfb, 0x04, 0xfb, 0x04,
	0xdb, 0x04, 0xdb, 0x04, 0xdb, 0x04, 0xdb, 0x04, 0xdb, 0x04, 0xdb, 0x04, 0xdb, 0x04, 0xdb,
	0x04, 0xdb, 0x04, 0xdb, 0x04, 0xdb, 0x04, 0xdb, 0x04, 0xdb, 0x04, 0xdb, 0x04, 0xdb, 0x04,
	0xbb, 0x04, 0xba, 0x04, 0xba, 0x04, 0xba, 0x04, 0xba, 0x04, 0xba, 0x04, 0xba, 0x04, 0xba,
	0x04, 0x9a, 0x04, 0x9a, 0x04, 0x9a, 0x04, 0x7a, 0x04, 0x7a, 0x04, 0x79, 0x04, 0x79, 0x04,
	0x59, 0x04, 0x39, 0x04, 0x39, 0x04, 0xfb, 0x2c, 0x3e, 0x5e, 0x9a, 0x14, 0xf8, 0x03, 0xf8,
	0x03, 0xf8, 0x03, 0xd8, 0x03, 0xd7, 0x03, 0xb7, 0x03, 0xb7, 0x03, 0x97, 0x03, 0x77, 0x03,
	0x76, 0x03, 0x56, 0x03, 0x56, 0x03, 0x36, 0x03, 0x16, 0x03, 0xf5, 0x02, 0xf5, 0x02, 0xd5,
	0x02, 0xb4, 0x0a, 0x94, 0x0a, 0x74, 0x12, 0x74, 0x12, 0x13, 0x12, 0x16, 0x3b, 0xbf, 0xf7,
	0xff, 0xff, 0xff, 0xff, 0xff, 0xff, 0xff, 0xff, 0xff, 0xff, 0xff, 0xff, 0xff, 0xff, 0xff,
	0xff, 0xff, 0xff, 0xbf, 0xe7, 0x1f, 0x7f, 0x7e, 0x6e, 0x7e, 0x6e, 0x7e, 0x6e, 0x7e, 0x6e,
	0x7e, 0x6e, 0x7e, 0x6e, 0x7e, 0x6e, 0x7e, 0x6e, 0x7e, 0x6e, 0x7e, 0x6e, 0x7e, 0x6e, 0x7e,
	0x6e, 0x7e, 0x6e, 0x7e, 0x6e, 0x7e, 0x6e, 0x7e, 0x6e, 0x7e, 0x6e, 0x7e, 0x6e, 0x7e, 0x6e,
	0x7e, 0x6e, 0x7e, 0x6e, 0x9f, 0x76, 0x5e, 0x66, 0x9c, 0x2d, 0xfb, 0x04, 0xdb, 0x04, 0xfb,
	0x04, 0xfb, 0x04, 0xfb, 0x04, 0xfb, 0x04, 0xfb, 0x04, 0xfb, 0x04, 0xfb, 0x04, 0xfb, 0x04,
	0xfb, 0x04, 0xfb, 0x04, 0xfb, 0x04, 0xfb, 0x04, 0xfb, 0x04, 0xdb, 0x04, 0xdb, 0x04, 0xdb,
	0x04, 0xdb, 0x04, 0xdb, 0x04, 0xdb, 0x04, 0xdb, 0x04, 0xdb, 0x04, 0xdb, 0x04, 0xdb, 0x04,
	0xdb, 0x04, 0xdb, 0x04, 0xdb, 0x04, 0xdb, 0x04, 0xdb, 0x04, 0xbb, 0x04, 0xba, 0x04, 0xba,
	0x04, 0xba, 0x04, 0xba, 0x04, 0xba, 0x04, 0xba, 0x04, 0xba, 0x04, 0x9a, 0x04, 0x9a, 0x04,
	0x9a, 0x04, 0x7a, 0x04, 0x7a, 0x04, 0x79, 0x04, 0x59, 0x04, 0x59, 0x04, 0x59, 0x04, 0x59,
	0x04, 0x18, 0x04, 0x39, 0x04, 0x39, 0x04, 0x18, 0x04, 0xf8, 0x03, 0xf8, 0x03, 0xd8, 0x03,
	0xd7, 0x03, 0xb7, 0x03, 0xb7, 0x03, 0x97, 0x03, 0x77, 0x03, 0x76, 0x03, 0x56, 0x03, 0x56,
	0x03, 0x36, 0x03, 0x16, 0x03, 0xf5, 0x02, 0xf5, 0x02, 0xd5, 0x02, 0xb4, 0x0a, 0x94, 0x0a,
	0x74, 0x12, 0x74, 0x12, 0x13, 0x12, 0x16, 0x3b, 0xbf, 0xf7, 0xff, 0xff, 0xff, 0xff, 0xff,
	0xff, 0xff, 0xff, 0xff, 0xff, 0xff, 0xff, 0xff, 0xff, 0xff, 0xff, 0xff, 0xff, 0xbf, 0xe7,
	0x1f, 0x7f, 0x7e, 0x6e, 0x7e, 0x6e, 0x7e, 0x6e, 0x7e, 0x6e, 0x7e, 0x6e, 0x7e, 0x6e, 0x7e,
	0x6e, 0x7e, 0x6e, 0x7e, 0x6e, 0x7e, 0x6e, 0x7e, 0x6e, 0x7e, 0x6e, 0x7e, 0x6e, 0x7e, 0x6e,
	0x7e, 0x6e, 0x7e, 0x6e, 0x7e, 0x6e, 0x7e, 0x6e, 0x7e, 0x6e, 0x7e, 0x6e, 0x7e, 0x6e, 0x7e,
	0x6e, 0x9e, 0x76, 0x9f, 0x76, 0x3e, 0x5e, 0x5c, 0x1d, 0xdb, 0x04, 0xfb, 0x04, 0xfb, 0x04,
	0xfb, 0x04, 0xfb, 0x04, 0xfb, 0x04, 0xfb, 0x04, 0xfb, 0x04, 0xfb, 0x04, 0xfb, 0x04, 0xfb,
	0x04, 0xfb, 0x04, 0xfb, 0x04, 0xdb, 0x04, 0xdb, 0x04, 0xdb, 0x04, 0xdb, 0x04, 0xdb, 0x04,
	0xdb, 0x04, 0xdb, 0x04, 0xdb, 0x04, 0xdb, 0x04, 0xdb, 0x04, 0xdb, 0x04, 0xdb, 0x04, 0xdb,
	0x04, 0xdb, 0x04, 0xdb, 0x04, 0xbb, 0x04, 0xba, 0x04, 0xba, 0x04, 0xba, 0x04, 0xba, 0x04,
	0xba, 0x04, 0xba, 0x04, 0xba, 0x04, 0x9a, 0x04, 0x9a, 0x04, 0x9a, 0x04, 0x7a, 0x04, 0x7a,
	0x04, 0x79, 0x04, 0x59, 0x04, 0x59, 0x04, 0x59, 0x04, 0x39, 0x04, 0x39, 0x04, 0x39, 0x04,
	0x18, 0x04, 0x18, 0x04, 0xf8, 0x03, 0xf8, 0x03, 0xd8, 0x03, 0xd7, 0x03, 0xb7, 0x03, 0xb7,
	0x03, 0x97, 0x03, 0x77, 0x03, 0x76, 0x03, 0x56, 0x03, 0x56, 0x03, 0x36, 0x03, 0x16, 0x03,
	0xf5, 0x02, 0xf5, 0x02, 0xd5, 0x02, 0xb4, 0x0a, 0x94, 0x0a, 0x74, 0x12, 0x74, 0x12, 0x13,
	0x12, 0x16, 0x3b, 0xbf, 0xf7, 0xff, 0xff, 0xff, 0xff, 0xff, 0xff, 0xff, 0xff, 0xff, 0xff,
	0xff, 0xff, 0xff, 0xff, 0xff, 0xff, 0xff, 0xff, 0xbf, 0xe7, 0x1f, 0x7f, 0x7e, 0x6e, 0x7e,
	0x6e, 0x7e, 0x6e, 0x7e, 0x6e, 0x7e, 0x6e, 0x7e, 0x6e, 0x7e, 0x6e, 0x7e, 0x6e, 0x7e, 0x6e,
	0x7e, 0x6e, 0x7e, 0x6e, 0x7e, 0x6e, 0x7e, 0x6e, 0x7e, 0x6e, 0x7e, 0x6e, 0x7e, 0x6e, 0x7e,
	0x6e, 0x7e, 0x6e, 0x7e, 0x6e, 0x7e, 0x6e, 0x7e, 0x6e, 0x7e, 0x6e, 0x7e, 0x6e, 0x7e, 0x6e,
	0x9e, 0x76, 0x9e, 0x76, 0xfd, 0x4d, 0x3c, 0x15, 0xdb, 0x04, 0xfb, 0x04, 0xfb, 0x04, 0xfb,
	0x04, 0xfb, 0x04, 0xfb, 0x04, 0xfb, 0x04, 0xfb, 0x04, 0xfb, 0x04, 0xfb, 0x04, 0xfb, 0x04,
	0xdb, 0x04, 0xdb, 0x04, 0xdb, 0x04, 0xdb, 0x04, 0xdb, 0x04, 0xdb, 0x04, 0xdb, 0x04, 0xdb,
	0x04, 0xdb, 0x04, 0xdb, 0x04, 0xdb, 0x04, 0xdb, 0x04, 0xdb, 0x04, 0xdb, 0x04, 0xdb, 0x04,
	0xbb, 0x04, 0xba, 0x04, 0xba, 0x04, 0xba, 0x04, 0xba, 0x04, 0xba, 0x04, 0xba, 0x04, 0xba,
	0x04, 0x9a, 0x04, 0x9a, 0x04, 0x9a, 0x04, 0x7a, 0x04, 0x7a, 0x04, 0x79, 0x04, 0x59, 0x04,
	0x59, 0x04, 0x59, 0x04, 0x39, 0x04, 0x39, 0x04, 0x39, 0x04, 0x18, 0x04, 0x18, 0x04, 0xf8,
	0x03, 0xf8, 0x03, 0xd8, 0x03, 0xd7, 0x03, 0xb7, 0x03, 0xb7, 0x03, 0x97, 0x03, 0x77, 0x03,
	0x76, 0x03, 0x56, 0x03, 0x56, 0x03, 0x36, 0x03, 0x16, 0x03, 0xf5, 0x02, 0xf5, 0x02, 0xd5,
	0x02, 0xb4, 0x0a, 0x94, 0x0a, 0x74, 0x12, 0x74, 0x12, 0x13, 0x12, 0x16, 0x3b, 0xbf, 0xf7,
	0xff, 0xff, 0xff, 0xff, 0xff, 0xff, 0xff, 0xff, 0xff, 0xff, 0xff, 0xff, 0xff, 0xff, 0xff,
	0xff, 0xff, 0xff, 0xbf, 0xe7, 0x1f, 0x7f, 0x7e, 0x6e, 0x7e, 0x6e, 0x7e, 0x6e, 0x7e, 0x6e,
	0x7e, 0x6e, 0x7e, 0x6e, 0x7e, 0x6e, 0x7e, 0x6e, 0x7e, 0x6e, 0x7e, 0x6e, 0x7e, 0x6e, 0x7e,
	0x6e, 0x7e, 0x6e, 0x7e, 0x6e, 0x7e, 0x6e, 0x7e, 0x6e, 0x7e, 0x6e, 0x7e, 0x6e, 0x7e, 0x6e,
	0x7e, 0x6e, 0x7e, 0x6e, 0x7e, 0x6e, 0x7e, 0x6e, 0x7e, 0x6e, 0x7e, 0x6e, 0x7e, 0x6e, 0x9f,
	0x76, 0x7e, 0x6e, 0xdd, 0x3d, 0xfb, 0x0c, 0xdb, 0x04, 0xfb, 0x04, 0xfb, 0x04, 0xfb, 0x04,
	0xfb, 0x04, 0xfb, 0x04, 0xfb, 0x04, 0xfb, 0x04, 0xfb, 0x04, 0xdb, 0x04, 0xdb, 0x04, 0xdb,
	0x04, 0xdb, 0x04, 0xdb, 0x04, 0xdb, 0x04, 0xdb, 0x04, 0xdb, 0x04, 0xdb, 0x04, 0xdb, 0x04,
	0xdb, 0x04, 0xdb, 0x04, 0xdb, 0x04, 0xdb, 0x04, 0xdb, 0x04, 0xbb, 0x04, 0xba, 0x04, 0xba,
	0x04, 0xba, 0x04, 0xba, 0x04, 0xba, 0x04, 0xba, 0x04, 0xba, 0x04, 0x9a, 0x04, 0x9a, 0x04,
	0x9a, 0x04, 0x7a, 0x04, 0x7a, 0x04, 0x79, 0x04, 0x59, 0x04, 0x59, 0x04, 0x59, 0x04, 0x39,
	0x04, 0x39, 0x04, 0x39, 0x04, 0x18, 0x04, 0x18, 0x04, 0xf8, 0x03, 0xf8, 0x03, 0xd8, 0x03,
	0xd7, 0x03, 0xb7, 0x03, 0xb7, 0x03, 0x97, 0x03, 0x77, 0x03, 0x76, 0x03, 0x56, 0x03, 0x56,
	0x03, 0x36, 0x03, 0x16, 0x03, 0xf5, 0x02, 0xf5, 0x02, 0xd5, 0x02, 0xb4, 0x0a, 0x94, 0x0a,
	0x74, 0x12, 0x74, 0x12, 0x13, 0x12, 0x16, 0x3b, 0xbf, 0xf7, 0xff, 0xff, 0xff, 0xff, 0xff,
	0xff, 0xff, 0xff, 0xff, 0xff, 0xff, 0xff, 0xff, 0xff, 0xff, 0xff, 0xff, 0xff, 0xbf, 0xe7,
	0xbf, 0x76, 0x7e, 0x6e, 0x7e, 0x6e, 0x7e, 0x6e, 0x7e, 0x6e, 0x7e, 0x6e, 0x7e, 0x6e, 0x7e,
	0x6e, 0x7e, 0x6e, 0x7e, 0x6e, 0x7e, 0x6e, 0x7e, 0x6e, 0x7e, 0x6e, 0x7e, 0x6e, 0x7e, 0x6e,
	0x7e, 0x6e, 0x7e, 0x6e, 0x7e, 0x6e, 0x7e, 0x6e, 0x7e, 0x6e, 0x7e, 0x6e, 0x7e, 0x6e, 0x7e,
	0x6e, 0x7e, 0x6e, 0x7e, 0x6e, 0x7e, 0x6e, 0x7e, 0x6e, 0x7e, 0x6e, 0x7e, 0x6e, 0x9f, 0x76,
	0x5e, 0x66, 0x9c, 0x2d, 0xfb, 0x04, 0xdb, 0x04, 0xfb, 0x04, 0xfb, 0x04, 0xfb, 0x04, 0xfb,
	0x04, 0xfb, 0x04, 0xfb, 0x04, 0xdb, 0x04, 0xdb, 0x04, 0xdb, 0x04, 0xdb, 0x04, 0xdb, 0x04,
	0xdb, 0x04, 0xdb, 0x04, 0xdb, 0x04, 0xdb, 0x04, 0xdb, 0x04, 0xdb, 0x04, 0xdb, 0x04, 0xdb,
	0x04, 0xdb, 0x04, 0xdb, 0x04, 0xbb, 0x04, 0xba, 0x04, 0xba, 0x04, 0xba, 0x04, 0xba, 0x04,
	0xba, 0x04, 0xba, 0x04, 0xba, 0x04, 0x9a, 0x04, 0x9a, 0x04, 0x9a, 0x04, 0x7a, 0x04, 0x7a,
	0x04, 0x79, 0x04, 0x59, 0x04, 0x59, 0x04, 0x59, 0x04, 0x39, 0x04, 0x39, 0x04, 0x39, 0x04,
	0x18, 0x04, 0x18, 0x04, 0xf8, 0x03, 0xf8, 0x03, 0xd8, 0x03, 0xd7, 0x03, 0xb7, 0x03, 0xb7,
	0x03, 0x97, 0x03, 0x77, 0x03, 0x76, 0x03, 0x56, 0x03, 0x56, 0x03, 0x36, 0x03, 0x16, 0x03,
	0xf5, 0x02, 0xf5, 0x02, 0xd5, 0x02, 0xb4, 0x0a, 0x94, 0x0a, 0x74, 0x12, 0x74, 0x12, 0x33,
	0x12, 0xd5, 0x32, 0x7e, 0xef, 0xff, 0xff, 0xff, 0xff, 0xff, 0xff, 0xff, 0xff, 0xff, 0xff,
	0xff, 0xff, 0xff, 0xff, 0xff, 0xff, 0xff, 0xff, 0xdf, 0xef, 0x9f, 0x6e, 0x7e, 0x6e, 0x7e,
	0x6e, 0x7e, 0x6e, 0x7e, 0x6e, 0x7e, 0x6e, 0x7e, 0x6e, 0x7e, 0x6e, 0x7e, 0x6e, 0x7e, 0x6e,
	0x7e, 0x6e, 0x7e, 0x6e, 0x7e, 0x6e, 0x7e, 0x6e, 0x7e, 0x6e, 0x7e, 0x6e, 0x7e, 0x6e, 0x7e,
	0x6e, 0x7e, 0x6e, 0x7e, 0x6e, 0x7e, 0x6e, 0x7e, 0x6e, 0x7e, 0x6e, 0x7e, 0x6e, 0x7e, 0x6e,
	0x7e, 0x6e, 0x7e, 0x6e, 0x7e, 0x6e, 0x7e, 0x6e, 0x7e, 0x6e, 0x9e, 0x76, 0x9f, 0x76, 0x3e,
	0x5e, 0x5c, 0x25, 0xdb, 0x04, 0xdb, 0x04, 0xfb, 0x04, 0xfb, 0x04, 0xfb, 0x04, 0xfb, 0x04,
	0xdb, 0x04, 0xdb, 0x04, 0xdb, 0x04, 0xdb, 0x04, 0xdb, 0x04, 0xdb, 0x04, 0xdb, 0x04, 0xdb,
	0x04, 0xdb, 0x04, 0xdb, 0x04, 0xdb, 0x04, 0xdb, 0x04, 0xdb, 0x04, 0xdb, 0x04, 0xdb, 0x04,
	0xbb, 0x04, 0xba, 0x04, 0xba, 0x04, 0xba, 0x04, 0xba, 0x04, 0xba, 0x04, 0xba, 0x04, 0xba,
	0x04, 0x9a, 0x04, 0x9a, 0x04, 0x9a, 0x04, 0x7a, 0x04, 0x7a, 0x04, 0x79, 0x04, 0x59, 0x04,
	0x59, 0x04, 0x59, 0x04, 0x39, 0x04, 0x39, 0x04, 0x39, 0x04, 0x18, 0x04, 0x18, 0x04, 0xf8,
	0x03, 0xf8, 0x03, 0xd8, 0x03, 0xd7, 0x03, 0xb7, 0x03, 0xb7, 0x03, 0x97, 0x03, 0x77, 0x03,
	0x76, 0x03, 0x56, 0x03, 0x56, 0x03, 0x36, 0x03, 0x16, 0x03, 0xf5, 0x02, 0xf5, 0x02, 0xd5,
	0x02, 0xb4, 0x0a, 0x94, 0x0a, 0x74, 0x12, 0x74, 0x12, 0x33, 0x12, 0xd5, 0x32, 0x7e, 0xef,
	0xff, 0xff, 0xff, 0xff, 0xff, 0xff, 0xff, 0xff, 0xff, 0xff, 0xff, 0xff, 0xff, 0xff, 0xff,
	0xff, 0xff, 0xff, 0xdf, 0xef, 0x9f, 0x6e, 0x7e, 0x6e, 0x7e, 0x6e, 0x7e, 0x6e, 0x7e, 0x6e,
	0x7e, 0x6e, 0x7e, 0x6e, 0x7e, 0x6e, 0x7e, 0x6e, 0x7e, 0x6e, 0x7e, 0x6e, 0x7e, 0x6e, 0x7e,
	0x6e, 0x7e, 0x6e, 0x7e, 0x6e, 0x7e, 0x6e, 0x7e, 0x6e, 0x7e, 0x6e, 0x7e, 0x6e, 0x7e, 0x6e,
	0x7e, 0x6e, 0x7e, 0x6e, 0x7e, 0x6e, 0x7e, 0x6e, 0x7e, 0x6e, 0x7e, 0x6e, 0x7e, 0x6e, 0x7e,
	0x6e, 0x7e, 0x6e, 0x7e, 0x6e, 0x7e, 0x6e, 0x7e, 0x6e, 0x9e, 0x76, 0x9e, 0x76, 0xfd, 0x4d,
	0x3b, 0x15, 0xdb, 0x04, 0xdb, 0x04, 0xfb, 0x04, 0xfb, 0x04, 0xdb, 0x04, 0xdb, 0x04, 0xdb,
	0x04, 0xdb, 0x04, 0xdb, 0x04, 0xdb, 0x04, 0xdb, 0x04, 0xdb, 0x04, 0xdb, 0x04, 0xdb, 0x04,
	0xdb, 0x04, 0xdb, 0x04, 0xdb, 0x04, 0xdb, 0x04, 0xdb, 0x04, 0xbb, 0x04, 0xba, 0x04, 0xba,
	0x04, 0xba, 0x04, 0xba, 0x04, 0xba, 0x04, 0xba, 0x04, 0xba, 0x04, 0x9a, 0x04, 0x9a, 0x04,
	0x9a, 0x04, 0x7a, 0x04, 0x7a, 0x04, 0x79, 0x04, 0x59, 0x04, 0x59, 0x04, 0x59, 0x04, 0x39,
	0x04, 0x39, 0x04, 0x39, 0x04, 0x18, 0x04, 0x18, 0x04, 0xf8, 0x03, 0xf8, 0x03, 0xd8, 0x03,
	0xd7, 0x03, 0xb7, 0x03, 0xb7, 0x03, 0x97, 0x03, 0x77, 0x03, 0x76, 0x03, 0x56, 0x03, 0x56,
	0x03, 0x36, 0x03, 0x16, 0x03, 0xf5, 0x02, 0xf5, 0x02, 0xd5, 0x02, 0xb4, 0x0a, 0x94, 0x0a,
	0x74, 0x12, 0x74, 0x12, 0x33, 0x12, 0xd5, 0x32, 0x7e, 0xef, 0xff, 0xff, 0xff, 0xff, 0xff,
	0xff, 0xff, 0xff, 0xff, 0xff, 0xff, 0xff, 0xff, 0xff, 0xff, 0xff, 0xff, 0xff, 0xdf, 0xef,
	0x9f, 0x6e, 0x7e, 0x6e, 0x7e, 0x6e, 0x7e, 0x6e, 0x7e, 0x6e, 0x7e, 0x6e, 0x7e, 0x6e, 0x7e,
	0x6e, 0x7e, 0x6e, 0x7e, 0x6e, 0x7e, 0x6e, 0x7e, 0x6e, 0x7e, 0x6e, 0x7e, 0x6e, 0x7e, 0x6e,
	0x7e, 0x6e, 0x7e, 0x6e, 0x7e, 0x6e, 0x7e, 0x6e, 0x7e, 0x6e, 0x7e, 0x6e, 0x7e, 0x6e, 0x7e,
	0x6e, 0x7e, 0x6e, 0x7e, 0x6e, 0x7e, 0x6e, 0x7e, 0x6e, 0x7e, 0x6e, 0x7e, 0x6e, 0x7e, 0x6e,
	0x7e, 0x6e, 0x7e, 0x6e, 0x7e, 0x6e, 0x7e, 0x6e, 0x9f, 0x76, 0x7e, 0x6e, 0xdd, 0x3d, 0xfb,
	0x0c, 0xdb, 0x04, 0xfb, 0x04, 0xfb, 0x04, 0xdb, 0x04, 0xdb, 0x04, 0xdb, 0x04, 0xdb, 0x04,
	0xdb, 0x04, 0xdb, 0x04, 0xdb, 0x04, 0xdb, 0x04, 0xdb, 0x04, 0xdb, 0x04, 0xdb, 0x04, 0xdb,
	0x04, 0xdb, 0x04, 0xdb, 0x04, 0xbb, 0x04, 0xba, 0x04, 0xba, 0x04, 0xba, 0x04, 0xba, 0x04,
	0xba, 0x04, 0xba, 0x04, 0xba, 0x04, 0x9a, 0x04, 0x9a, 0x04, 0x9a, 0x04, 0x7a, 0x04, 0x7a,
	0x04, 0x79, 0x04, 0x59, 0x04, 0x59, 0x04, 0x59, 0x04, 0x39, 0x04, 0x39, 0x04, 0x39, 0x04,
	0x18, 0x04, 0x18, 0x04, 0xf8, 0x03, 0xf8, 0x03, 0xd8, 0x03, 0xd7, 0x03, 0xb7, 0x03, 0xb7,
	0x03, 0x97, 0x03, 0x77, 0x03, 0x76, 0x03, 0x56, 0x03, 0x56, 0x03, 0x36, 0x03, 0x16, 0x03,
	0xf5, 0x02, 0xf5, 0x02, 0xd5, 0x02, 0xb4, 0x0a, 0x94, 0x0a, 0x74, 0x12, 0x74, 0x12, 0x33,
	0x12, 0xd5, 0x32, 0x7e, 0xef, 0xff, 0xff, 0xff, 0xff, 0xff, 0xff, 0xff, 0xff, 0xff, 0xff,
	0xff, 0xff, 0xff, 0xff, 0xff, 0xff, 0xff, 0xff, 0xdf, 0xef, 0x9f, 0x6e, 0x7e, 0x6e, 0x7e,
	0x6e, 0x7e, 0x6e, 0x7e, 0x6e, 0x7e, 0x6e, 0x7e, 0x6e, 0x7e, 0x6e, 0x7e, 0x6e, 0x7e, 0x6e,
	0x7e, 0x6e, 0x7e, 0x6e, 0x7e, 0x6e, 0x7e, 0x6e, 0x7e, 0x6e, 0x7e, 0x6e, 0x7e, 0x6e, 0x7e,
	0x6e, 0x7e, 0x6e, 0x7e, 0x6e, 0x7e, 0x6e, 0x7e, 0x6e, 0x7e, 0x6e, 0x7e, 0x6e, 0x7e, 0x6e,
	0x7e, 0x6e, 0x7e, 0x6e, 0x7e, 0x6e, 0x7e, 0x6e, 0x7e, 0x6e, 0x7e, 0x6e, 0x7e, 0x6e, 0x7e,
	0x6e, 0x7e, 0x6e, 0x7e, 0x6e, 0x7e, 0x6e, 0x9f, 0x76, 0x5e, 0x66, 0x9c, 0x2d, 0xdb, 0x04,
	0xdb, 0x04, 0xfb, 0x04, 0xdb, 0x04, 0xdb, 0x04, 0xdb, 0x04, 0xdb, 0x04, 0xdb, 0x04, 0xdb,
	0x04, 0xdb, 0x04, 0xdb, 0x04, 0xdb, 0x04, 0xdb, 0x04, 0xdb, 0x04, 0xdb, 0x04, 0xdb, 0x04,
	0xbb, 0x04, 0xba, 0x04, 0xba, 0x04, 0xba, 0x04, 0xba, 0x04, 0xba, 0x04, 0xba, 0x04, 0xba,
	0x04, 0x9a, 0x04, 0x9a, 0x04, 0x9a, 0x04, 0x7a, 0x04, 0x7a, 0x04, 0x79, 0x04, 0x59, 0x04,
	0x59, 0x04, 0x59, 0x04, 0x39, 0x04, 0x39, 0x04, 0x39, 0x04, 0x18, 0x04, 0x18, 0x04, 0xf8,
	0x03, 0xf8, 0x03, 0xd8, 0x03, 0xd7, 0x03, 0xb7, 0x03, 0xb7, 0x03, 0x97, 0x03, 0x77, 0x03,
	0x76, 0x03, 0x56, 0x03, 0x56, 0x03, 0x36, 0x03, 0x16, 0x03, 0xf5, 0x02, 0xf5, 0x02, 0xd5,
	0x02, 0xb4, 0x0a, 0x94, 0x0a, 0x74, 0x12, 0x74, 0x12, 0x33, 0x12, 0xd5, 0x32, 0x7e, 0xef,
	0xff, 0xff, 0xff, 0xff, 0xff, 0xff, 0xff, 0xff, 0xff, 0xff, 0xff, 0xff, 0xff, 0xff, 0xff,
	0xff, 0xff, 0xff, 0xdf, 0xef, 0x9f, 0x6e, 0x7e, 0x6e, 0x7e, 0x6e, 0x7e, 0x6e, 0x7e, 0x6e,
	0x7e, 0x6e, 0x7e, 0x6e, 0x7e, 0x6e, 0x7e, 0x6e, 0x7e, 0x6e, 0x7e, 0x6e, 0x7e, 0x6e, 0x7e,
	0x6e, 0x7e, 0x6e, 0x7e, 0x6e, 0x7e, 0x6e, 0x7e, 0x6e, 0x7e, 0x6e, 0x7e, 0x6e, 0x7e, 0x6e,
	0x7e, 0x6e, 0x7e, 0x6e, 0x7e, 0x6e, 0x7e, 0x6e, 0x7e, 0x6e, 0x7e, 0x6e, 0x7e, 0x6e, 0x7e,
	0x6e, 0x7e, 0x6e, 0x7e, 0x6e, 0x7e, 0x6e, 0x7e, 0x6e, 0x7e, 0x6e, 0x7e, 0x6e, 0x7e, 0x6e,
	0x7e, 0x6e, 0x7e, 0x6e, 0x9e, 0x6e, 0x9f, 0x76, 0x3e, 0x5e, 0x5c, 0x25, 0xdb, 0x04, 0xdb,
	0x04, 0xfb, 0x04, 0xdb, 0x04, 0xdb, 0x04, 0xdb, 0x04, 0xdb, 0x04, 0xdb, 0x04, 0xdb, 0x04,
	0xdb, 0x04, 0xdb, 0x04, 0xdb, 0x04, 0xdb, 0x04, 0xdb, 0x04, 0xbb, 0x04, 0xba, 0x04, 0xba,
	0x04, 0xba, 0x04, 0xba, 0x04, 0xba, 0x04, 0xba, 0x04, 0xba, 0x04, 0x9a, 0x04, 0x9a, 0x04,
	0x9a, 0x04, 0x7a, 0x04, 0x7a, 0x04, 0x79, 0x04, 0x59, 0x04, 0x59, 0x04, 0x59, 0x04, 0x39,
	0x04, 0x39, 0x04, 0x39, 0x04, 0x18, 0x04, 0x18, 0x04, 0xf8, 0x03, 0xf8, 0x03, 0xd8, 0x03,
	0xd7, 0x03, 0xb7, 0x03, 0xb7, 0x03, 0x97, 0x03, 0x77, 0x03, 0x76, 0x03, 0x56, 0x03, 0x56,
	0x03, 0x36, 0x03, 0x16, 0x03, 0xf5, 0x02, 0xf5, 0x02, 0xd5, 0x02, 0xb4, 0x0a, 0x94, 0x0a,
	0x74, 0x12, 0x74, 0x12, 0x33, 0x12, 0xd5, 0x32, 0x7e, 0xef, 0xff, 0xff, 0xff, 0xff, 0xff,
	0xff, 0xff, 0xff, 0xff, 0xff, 0xff, 0xff, 0xff, 0xff, 0xff, 0xff, 0xff, 0xff, 0xdf, 0xef,
	0x9f, 0x6e, 0x7e, 0x6e, 0x7e, 0x6e, 0x7e, 0x6e, 0x7e, 0x6e, 0x7e, 0x6e, 0x7e, 0x6e, 0x7e,
	0x6e, 0x7e, 0x6e, 0x7e, 0x6e, 0x7e, 0x6e, 0x7e, 0x6e, 0x7e, 0x6e, 0x7e, 0x6e, 0x7e, 0x6e,
	0x7e, 0x6e, 0x7e, 0x6e, 0x7e, 0x6e, 0x7e, 0x6e, 0x7e, 0x6e, 0x7e, 0x6e, 0x7e, 0x6e, 0x7e,
	0x6e, 0x7e, 0x6e, 0x7e, 0x6e, 0x7e, 0x6e, 0x7e, 0x6e, 0x7e, 0x6e, 0x7e, 0x6e, 0x7e, 0x6e,
	0x7e, 0x6e, 0x7e, 0x6e, 0x7e, 0x6e, 0x7e, 0x6e, 0x7e, 0x6e, 0x7e, 0x6e, 0x7e, 0x6e, 0x7e,
	0x6e, 0x7e, 0x6e, 0x9e, 0x76, 0x9e, 0x76, 0xfd, 0x4d, 0x1b, 0x15, 0xbb, 0x04, 0xdb, 0x04,
	0xdb, 0x04, 0xdb, 0x04, 0xdb, 0x04, 0xdb, 0x04, 0xdb, 0x04, 0xdb, 0x04, 0xdb, 0x04, 0xdb,
	0x04, 0xdb, 0x04, 0xdb, 0x04, 0xbb, 0x04, 0xba, 0x04, 0xba, 0x04, 0xba, 0x04, 0xba, 0x04,
	0xba, 0x04, 0xba, 0x04, 0xba, 0x04, 0x9a, 0x04, 0x9a, 0x04, 0x9a, 0x04, 0x7a, 0x04, 0x7a,
	0x04, 0x79, 0x04, 0x59, 0x04, 0x59, 0x04, 0x59, 0x04, 0x39, 0x04, 0x39, 0x04, 0x39, 0x04,
	0x18, 0x04, 0x18, 0x04, 0xf8, 0x03, 0xf8, 0x03, 0xd8, 0x03, 0xd7, 0x03, 0xb7, 0x03, 0xb7,
	0x03, 0x97, 0x03, 0x77, 0x03, 0x76, 0x03, 0x56, 0x03, 0x56, 0x03, 0x36, 0x03, 0x16, 0x03,
	0xf5, 0x02, 0xf5, 0x02, 0xd5, 0x02, 0xb4, 0x0a, 0x94, 0x0a, 0x74, 0x12, 0x74, 0x12, 0x33,
	0x12, 0xd5, 0x32, 0x7e, 0xef, 0xff, 0xff, 0xff, 0xff, 0xff, 0xff, 0xff, 0xff, 0xff, 0xff,
	0xff, 0xff, 0xff, 0xff, 0xff, 0xff, 0xff, 0xff, 0xdf, 0xef, 0x9f, 0x6e, 0x7e, 0x6e, 0x7e,
	0x6e, 0x7e, 0x6e, 0x7e, 0x6e, 0x7e, 0x6e, 0x7e, 0x6e, 0x7e, 0x6e, 0x7e, 0x6e, 0x7e, 0x6e,
	0x7e, 0x6e, 0x7e, 0x6e, 0x7e, 0x6e, 0x7e, 0x6e, 0x7e, 0x6e, 0x7e, 0x6e, 0x7e, 0x6e, 0x7e,
	0x6e, 0x7e, 0x6e, 0x7e, 0x6e, 0x7e, 0x6e, 0x7e, 0x6e, 0x7e, 0x6e, 0x7e, 0x6e, 0x7e, 0x6e,
	0x7e, 0x6e, 0x7e, 0x6e, 0x7e, 0x6e, 0x7e, 0x6e, 0x7e, 0x6e, 0x7e, 0x6e, 0x7e, 0x6e, 0x7e,
	0x6e, 0x7e, 0x6e, 0x7e, 0x6e, 0x7e, 0x6e, 0x7e, 0x6e, 0x7e, 0x6e, 0x7e, 0x6e, 0x7e, 0x6e,
	0x7e, 0x6e, 0x9f, 0x76, 0x7e, 0x6e, 0xbd, 0x3d, 0xfb, 0x0c, 0xbb, 0x04, 0xdb, 0x04, 0xdb,
	0x04, 0xdb, 0x04, 0xdb, 0x04, 0xdb, 0x04, 0xdb, 0x04, 0xdb, 0x04, 0xdb, 0x04, 0xdb, 0x04,
	0xbb, 0x04, 0xba, 0x04, 0xba, 0x04, 0xba, 0x04, 0xba, 0x04, 0xba, 0x04, 0xba, 0x04, 0xba,
	0x04, 0x9a, 0x04, 0x9a, 0x04, 0x9a, 0x04, 0x7a, 0x04, 0x7a, 0x04, 0x79, 0x04, 0x59, 0x04,
	0x59, 0x04, 0x59, 0x04, 0x39, 0x04, 0x39, 0x04, 0x39, 0x04, 0x18, 0x04, 0x18, 0x04, 0xf8,
	0x03, 0xf8, 0x03, 0xd8, 0x03, 0xd7, 0x03, 0xb7, 0x03, 0xb7, 0x03, 0x97, 0x03, 0x77, 0x03,
	0x76, 0x03, 0x56, 0x03, 0x56, 0x03, 0x36, 0x03, 0x16, 0x03, 0xf5, 0x02, 0xf5, 0x02, 0xd5,
	0x02, 0xb4, 0x0a, 0x94, 0x0a, 0x74, 0x12, 0x74, 0x12, 0x33, 0x12, 0xb5, 0x32, 0x5e, 0xe7,
	0xff, 0xff, 0xff, 0xff, 0xff, 0xff, 0xff, 0xff, 0xff, 0xff, 0xff, 0xff, 0xff, 0xff, 0xff,
	0xff, 0xff, 0xff, 0xdf, 0xef, 0x9f, 0x6e, 0x7e, 0x6e, 0x7e, 0x6e, 0x7e, 0x6e, 0x7e, 0x6e,
	0x7e, 0x6e, 0x7e, 0x6e, 0x7e, 0x6e, 0x7e, 0x6e, 0x7e, 0x6e, 0x7e, 0x6e, 0x7e, 0x6e, 0x7e,
	0x6e, 0x7e, 0x6e, 0x7e, 0x6e, 0x7e, 0x6e, 0x7e, 0x6e, 0x7e, 0x6e, 0x7e, 0x6e, 0x7e, 0x6e,
	0x7e, 0x6e, 0x7e, 0x6e, 0x7e, 0x6e, 0x7e, 0x6e, 0x7e, 0x6e, 0x7e, 0x6e, 0x7e, 0x6e, 0x7e,
	0x6e, 0x7e, 0x6e, 0x7e, 0x6e, 0x7e, 0x6e, 0x7e, 0x6e, 0x7e, 0x6e, 0x7e, 0x6e, 0x7e, 0x6e,
	0x7e, 0x6e, 0x7e, 0x6e, 0x7e, 0x6e, 0x7e, 0x6e, 0x7e, 0x6e, 0x7e, 0x6e, 0x7e, 0x6e, 0x7e,
	0x6e, 0x9f, 0x76, 0x5e, 0x66, 0x9c, 0x2d, 0xdb, 0x04, 0xbb, 0x04, 0xdb, 0x04, 0xdb, 0x04,
	0xdb, 0x04, 0xdb, 0x04, 0xdb, 0x04, 0xdb, 0x04, 0xdb, 0x04, 0xbb, 0x04, 0xba, 0x04, 0xba,
	0x04, 0xba, 0x04, 0xba, 0x04, 0xba, 0x04, 0xba, 0x04, 0xba, 0x04, 0x9a, 0x04, 0x9a, 0x04,
	0x9a, 0x04, 0x7a, 0x04, 0x7a, 0x04, 0x79, 0x04, 0x59, 0x04, 0x59, 0x04, 0x59, 0x04, 0x39,
	0x04, 0x39, 0x04, 0x39, 0x04, 0x18, 0x04, 0x18, 0x04, 0xf8, 0x03, 0xf8, 0x03, 0xd8, 0x03,
	0xd7, 0x03, 0xb7, 0x03, 0xb7, 0x03, 0x97, 0x03, 0x77, 0x03, 0x76, 0x03, 0x56, 0x03, 0x56,
	0x03, 0x36, 0x03, 0x16, 0x03, 0xf5, 0x02, 0xf5, 0x02, 0xd5, 0x02, 0xb4, 0x0a, 0x94, 0x0a,
	0x74, 0x12, 0x74, 0x12, 0x33, 0x12, 0x74, 0x22, 0xfd, 0xde, 0xff, 0xff, 0xff, 0xff, 0xff,
	0xff, 0xff, 0xff, 0xff, 0xff, 0xff, 0xff, 0xff, 0xff, 0xff, 0xff, 0xff, 0xff, 0xdf, 0xef,
	0x9f, 0x6e, 0x7e, 0x6e, 0x7e, 0x6e, 0x7e, 0x6e, 0x7e, 0x6e, 0x7e, 0x6e, 0x7e, 0x6e, 0x7e,
	0x6e, 0x7e, 0x6e, 0x7e, 0x6e, 0x7e, 0x6e, 0x7e, 0x6e, 0x7e, 0x6e, 0x7e, 0x6e, 0x7e, 0x6e,
	0x7e, 0x6e, 0x7e, 0x6e, 0x7e, 0x6e, 0x7e, 0x6e, 0x7e, 0x6e, 0x7e, 0x6e, 0x7e, 0x6e, 0x7e,
	0x6e, 0x7e, 0x6e, 0x7e, 0x6e, 0x7e, 0x6e, 0x7e, 0x6e, 0x7e, 0x6e, 0x7e, 0x6e, 0x7e, 0x6e,
	0x7e, 0x6e, 0x7e, 0x6e, 0x7e, 0x6e, 0x7e, 0x6e, 0x7e, 0x6e, 0x7e, 0x6e, 0x7e, 0x6e, 0x7e,
	0x6e, 0x7e, 0x6e, 0x7e, 0x6e, 0x7e, 0x6e, 0x7e, 0x6e, 0x7e, 0x6e, 0x7e, 0x6e, 0x9e, 0x6e,
	0x9f, 0x76, 0x3e, 0x5e, 0x5c, 0x25, 0xbb, 0x04, 0xdb, 0x04, 0xdb, 0x04, 0xdb, 0x04, 0xdb,
	0x04, 0xdb, 0x04, 0xdb, 0x04, 0xbb, 0x04, 0xba, 0x04, 0xba, 0x04, 0xba, 0x04, 0xba, 0x04,
	0xba, 0x04, 0xba, 0x04, 0xba, 0x04, 0x9a, 0x04, 0x9a, 0x04, 0x9a, 0x04, 0x7a, 0x04, 0x7a,
	0x04, 0x79, 0x04, 0x59, 0x04, 0x59, 0x04, 0x59, 0x04, 0x39, 0x04, 0x39, 0x04, 0x39, 0x04,
	0x18, 0x04, 0x18, 0x04, 0xf8, 0x03, 0xf8, 0x03, 0xd8, 0x03, 0xd7, 0x03, 0xb7, 0x03, 0xb7,
	0x03, 0x97, 0x03, 0x77, 0x03, 0x76, 0x03, 0x56, 0x03, 0x56, 0x03, 0x36, 0x03, 0x16, 0x03,
	0xf5, 0x02, 0xf5, 0x02, 0xd5, 0x02, 0xb4, 0x0a, 0x94, 0x0a, 0x74, 0x12, 0x74, 0x12, 0x33,
	0x12, 0x74, 0x22, 0xfd, 0xde, 0xff, 0xff, 0xff, 0xff, 0xff, 0xff, 0xff, 0xff, 0xff, 0xff,
	0xff, 0xff, 0xff, 0xff, 0xff, 0xff, 0xff, 0xff, 0xdf, 0xef, 0x9f, 0x6e, 0x7e, 0x6e, 0x7e,
	0x6e, 0x7e, 0x6e, 0x7e, 0x6e, 0x7e, 0x6e, 0x7e, 0x6e, 0x7e, 0x6e, 0x7e, 0x6e, 0x7e, 0x6e,
	0x7e, 0x6e, 0x7e, 0x6e, 0x7e, 0x6e, 0x7e, 0x6e, 0x7e, 0x6e, 0x7e, 0x6e, 0x7e, 0x6e, 0x7e,
	0x6e, 0x7e, 0x6e, 0x7e, 0x6e, 0x7e, 0x6e, 0x7e, 0x6e, 0x7e, 0x6e, 0x7e, 0x6e, 0x7e, 0x6e,
	0x7e, 0x6e, 0x7e, 0x6e, 0x7e, 0x6e, 0x7e, 0x6e, 0x7e, 0x6e, 0x7e, 0x6e, 0x7e, 0x6e, 0x7e,
	0x6e, 0x7e, 0x6e, 0x7e, 0x6e, 0x7e, 0x6e, 0x7e, 0x6e, 0x7e, 0x6e, 0x7e, 0x6e, 0x7e, 0x6e,
	0x7e, 0x6e, 0x7e, 0x6e, 0x7e, 0x6e, 0x7e, 0x6e, 0x7e, 0x6e, 0x7e, 0x6e, 0x9e, 0x76, 0x9e,
	0x76, 0xfd, 0x4d, 0x1b, 0x15, 0xba, 0x04, 0xdb, 0x04, 0xdb, 0x04, 0xdb, 0x04, 0xdb, 0x04,
	0xbb, 0x04, 0xba, 0x04, 0xba, 0x04, 0xba, 0x04, 0xba, 0x04, 0xba, 0x04, 0xba, 0x04, 0xba,
	0x04, 0x9a, 0x04, 0x9a, 0x04, 0x9a, 0x04, 0x7a, 0x04, 0x7a, 0x04, 0x79, 0x04, 0x59, 0x04,
	0x59, 0x04, 0x59, 0x04, 0x39, 0x04, 0x39, 0x04, 0x39, 0x04, 0x18, 0x04, 0x18, 0x04, 0xf8,
	0x03, 0xf8, 0x03, 0xd8, 0x03, 0xd7, 0x03, 0xb7, 0x03, 0xb7, 0x03, 0x97, 0x03, 0x77, 0x03,
	0x76, 0x03, 0x56, 0x03, 0x56, 0x03, 0x36, 0x03, 0x16, 0x03, 0xf5, 0x02, 0xf5, 0x02, 0xd5,
	0x02, 0xb4, 0x0a, 0x94, 0x0a, 0x74, 0x12, 0x74, 0x12, 0x33, 0x12, 0x74, 0x22, 0xfd, 0xde,
	0xff, 0xff, 0xff, 0xff, 0xff, 0xff, 0xff, 0xff, 0xff, 0xff, 0xff, 0xff, 0xff, 0xff, 0xff,
	0xff, 0xff, 0xff, 0xdf, 0xef, 0x9f, 0x6e, 0x7e, 0x6e, 0x7e, 0x6e, 0x7e, 0x6e, 0x7e, 0x6e,
	0x7e, 0x6e, 0x7e, 0x6e, 0x7e, 0x6e, 0x7e, 0x6e, 0x7e, 0x6e, 0x7e, 0x6e, 0x7e, 0x6e, 0x7e,
	0x6e, 0x7e, 0x6e, 0x7e, 0x6e, 0x7e, 0x6e, 0x7e, 0x6e, 0x7e, 0x6e, 0x7e, 0x6e, 0x7e, 0x6e,
	0x7e, 0x6e, 0x7e, 0x6e, 0x7e, 0x6e, 0x7e, 0x6e, 0x7e, 0x6e, 0x7e, 0x6e, 0x7e, 0x6e, 0x7e,
	0x6e, 0x7e, 0x6e, 0x7e, 0x6e, 0x7e, 0x6e, 0x7e, 0x6e, 0x7e, 0x6e, 0x7e, 0x6e, 0x7e, 0x6e,
	0x7e, 0x6e, 0x7e, 0x6e, 0x7e, 0x6e, 0x7e, 0x6e, 0x7e, 0x6e, 0x7e, 0x6e, 0x7e, 0x6e, 0x7e,
	0x6e, 0x7e, 0x6e, 0x7e, 0x6e, 0x7e, 0x6e, 0x7e, 0x6e, 0x7e, 0x6e, 0x9f, 0x76, 0x7e, 0x6e,
	0xbd, 0x3d, 0xfb, 0x0c, 0xba, 0x04, 0xdb, 0x04, 0xdb, 0x04, 0xbb, 0x04, 0xba, 0x04, 0xba,
	0x04, 0xba, 0x04, 0xba, 0x04, 0xba, 0x04, 0xba, 0x04, 0xba, 0x04, 0x9a, 0x04, 0x9a, 0x04,
	0x9a, 0x04, 0x7a, 0x04, 0x7a, 0x04, 0x79, 0x04, 0x59, 0x04, 0x59, 0x04, 0x59, 0x04, 0x39,
	0x04, 0x39, 0x04, 0x39, 0x04, 0x18, 0x04, 0x18, 0x04, 0xf8, 0x03, 0xf8, 0x03, 0xd8, 0x03,
	0xd7, 0x03, 0xb7, 0x03, 0xb7, 0x03, 0x97, 0x03, 0x77, 0x03, 0x76, 0x03, 0x56, 0x03, 0x56,
	0x03, 0x36, 0x03, 0x16, 0x03, 0xf5, 0x02, 0xf5, 0x02, 0xd5, 0x02, 0xb4, 0x0a, 0x94, 0x0a,
	0x74, 0x12, 0x74, 0x12, 0x33, 0x12, 0x74, 0x22, 0xfd, 0xde, 0xff, 0xff, 0xff, 0xff, 0xff,
	0xff, 0xff, 0xff, 0xff, 0xff, 0xff, 0xff, 0xff, 0xff, 0xff, 0xff, 0xff, 0xff, 0xdf, 0xf7,
	0x9f, 0x76, 0x7e, 0x6e, 0x7e, 0x6e, 0x7e, 0x6e, 0x7e, 0x6e, 0x7e, 0x6e, 0x7e, 0x6e, 0x7e,
	0x6e, 0x7e, 0x6e, 0x7e, 0x6e, 0x7e, 0x6e, 0x7e, 0x6e, 0x7e, 0x6e, 0x7e, 0x6e, 0x7e, 0x6e,
	0x7e, 0x6e, 0x7e, 0x6e, 0x7e, 0x6e, 0x7e, 0x6e, 0x7e, 0x6e, 0x7e, 0x6e, 0x7e, 0x6e, 0x7e,
	0x6e, 0x7e, 0x6e, 0x7e, 0x6e, 0x7e, 0x6e, 0x7e, 0x6e, 0x7e, 0x6e, 0x7e, 0x6e, 0x7e, 0x6e,
	0x7e, 0x6e, 0x7e, 0x6e, 0x7e, 0x6e, 0x7e, 0x6e, 0x7e, 0x6e, 0x7e, 0x6e, 0x7e, 0x6e, 0x7e,
	0x6e, 0x7e, 0x6e, 0x7e, 0x6e, 0x7e, 0x6e, 0x7e, 0x6e, 0x7e, 0x6e, 0x7e, 0x6e, 0x7e, 0x6e,
	0x7e, 0x6e, 0x7e, 0x6e, 0x7e, 0x6e, 0x7e, 0x6e, 0x7e, 0x6e, 0x9f, 0x76, 0x5e, 0x66, 0x7c,
	0x2d, 0xdb, 0x04, 0xba, 0x04, 0xdb, 0x04, 0xda, 0x04, 0xba, 0x04, 0xba, 0x04, 0xba, 0x04,
	0xba, 0x04, 0xba, 0x04, 0xba, 0x04, 0x9a, 0x04, 0x9a, 0x04, 0x9a, 0x04, 0x7a, 0x04, 0x7a,
	0x04, 0x79, 0x04, 0x59, 0x04, 0x59, 0x04, 0x59, 0x04, 0x39, 0x04, 0x39, 0x04, 0x39, 0x04,
	0x18, 0x04, 0x18, 0x04, 0xf8, 0x03, 0xf8, 0x03, 0xd8, 0x03, 0xd7, 0x03, 0xb7, 0x03, 0xb7,
	0x03, 0x97, 0x03, 0x77, 0x03, 0x76, 0x03, 0x56, 0x03, 0x56, 0x03, 0x36, 0x03, 0x16, 0x03,
	0xf5, 0x02, 0xf5, 0x02, 0xd5, 0x02, 0xb4, 0x0a, 0x94, 0x0a, 0x74, 0x12, 0x74, 0x12, 0x33,
	0x12, 0x74, 0x22, 0xfd, 0xde, 0xff, 0xff, 0xff, 0xff, 0xff, 0xff, 0xff, 0xff, 0xff, 0xff,
	0xff, 0xff, 0xff, 0xff, 0xff, 0xff, 0xff, 0xff, 0xff, 0xf7, 0xbf, 0x7e, 0x7e, 0x6e, 0x7e,
	0x6e, 0x7e, 0x6e, 0x7e, 0x6e, 0x7e, 0x6e, 0x7e, 0x6e, 0x7e, 0x6e, 0x7e, 0x6e, 0x7e, 0x6e,
	0x7e, 0x6e, 0x7e, 0x6e, 0x7e, 0x6e, 0x7e, 0x6e, 0x7e, 0x6e, 0x7e, 0x6e, 0x7e, 0x6e, 0x7e,
	0x6e, 0x7e, 0x6e, 0x7e, 0x6e, 0x7e, 0x6e, 0x7e, 0x6e, 0x7e, 0x6e, 0x7e, 0x6e, 0x7e, 0x6e,
	0x7e, 0x6e, 0x7e, 0x6e, 0x7e, 0x6e, 0x7e, 0x6e, 0x7e, 0x6e, 0x7e, 0x6e, 0x7e, 0x6e, 0x7e,
	0x6e, 0x7e, 0x6e, 0x7e, 0x6e, 0x7e, 0x6e, 0x7e, 0x6e, 0x7e, 0x6e, 0x7e, 0x6e, 0x7e, 0x6e,
	0x7e, 0x6e, 0x7e, 0x6e, 0x7e, 0x6e, 0x7e, 0x6e, 0x7e, 0x6e, 0x7e, 0x6e, 0x7e, 0x6e, 0x7e,
	0x6e, 0x7e, 0x6e, 0x7e, 0x6e, 0x7e, 0x6e, 0x9e, 0x6e, 0x9f, 0x76, 0x3e, 0x5e, 0x5c, 0x25,
	0xba, 0x04, 0xba, 0x04, 0xda, 0x04, 0xba, 0x04, 0xba, 0x04, 0xba, 0x04, 0xba, 0x04, 0xba,
	0x04, 0x9a, 0x04, 0x9a, 0x04, 0x9a, 0x04, 0x7a, 0x04, 0x7a, 0x04, 0x79, 0x04, 0x59, 0x04,
	0x59, 0x04, 0x59, 0x04, 0x39, 0x04, 0x39, 0x04, 0x39, 0x04, 0x18, 0x04, 0x18, 0x04, 0xf8,
	0x03, 0xf8, 0x03, 0xd8, 0x03, 0xd7, 0x03, 0xb7, 0x03, 0xb7, 0x03, 0x97, 0x03, 0x77, 0x03,
	0x76, 0x03, 0x56, 0x03, 0x56, 0x03, 0x36, 0x03, 0x16, 0x03, 0xf5, 0x02, 0xf5, 0x02, 0xd5,
	0x02, 0xb4, 0x0a, 0x94, 0x0a, 0x74, 0x12, 0x74, 0x12, 0x33, 0x12, 0x74, 0x22, 0xfd, 0xde,
	0xff, 0xff, 0xff, 0xff, 0xff, 0xff, 0xff, 0xff, 0xff, 0xff, 0xff, 0xff, 0xff, 0xff, 0xff,
	0xff, 0xff, 0xff, 0xff, 0xf7, 0xbf, 0x7e, 0x7e, 0x6e, 0x7e, 0x6e, 0x7e, 0x6e, 0x7e, 0x6e,
	0x7e, 0x6e, 0x7e, 0x6e, 0x7e, 0x6e, 0x7e, 0x6e, 0x7e, 0x6e, 0x7e, 0x6e, 0x7e, 0x6e, 0x7e,
	0x6e, 0x7e, 0x6e, 0x7e, 0x6e, 0x7e, 0x6e, 0x7e, 0x6e, 0x7e, 0x6e, 0x7e, 0x6e, 0x7e, 0x6e,
	0x7e, 0x6e, 0x7e, 0x6e, 0x7e, 0x6e, 0x7e, 0x6e, 0x7e, 0x6e, 0x7e, 0x6e, 0x7e, 0x6e, 0x7e,
	0x6e, 0x7e, 0x6e, 0x7e, 0x6e, 0x7e, 0x6e, 0x7e, 0x6e, 0x7e, 0x6e, 0x7e, 0x6e, 0x7e, 0x6e,
	0x7e, 0x6e, 0x7e, 0x6e, 0x7e, 0x6e, 0x7e, 0x6e, 0x7e, 0x6e, 0x7e, 0x6e, 0x7e, 0x6e, 0x7e,
	0x6e, 0x7e, 0x6e, 0x7e, 0x6e, 0x7e, 0x6e, 0x7e, 0x6e, 0x7e, 0x6e, 0x7e, 0x6e, 0x7e, 0x6e,
	0x7e, 0x6e, 0x7e, 0x6e, 0x7e, 0x6e, 0x9e, 0x76, 0x9e, 0x76, 0xfd, 0x4d, 0x1b, 0x15, 0x9a,
	0x04, 0xba, 0x04, 0xba, 0x04, 0xba, 0x04, 0xba, 0x04, 0xba, 0x04, 0x9a, 0x04, 0x9a, 0x04,
	0x9a, 0x04, 0x7a, 0x04, 0x7a, 0x04, 0x79, 0x04, 0x59, 0x04, 0x59, 0x04, 0x59, 0x04, 0x39,
	0x04, 0x39, 0x04, 0x39, 0x04, 0x18, 0x04, 0x18, 0x04, 0xf8, 0x03, 0xf8, 0x03, 0xd8, 0x03,
	0xd7, 0x03, 0xb7, 0x03, 0xb7, 0x03, 0x97, 0x03, 0x77, 0x03, 0x76, 0x03, 0x56, 0x03, 0x56,
	0x03, 0x36, 0x03, 0x16, 0x03, 0xf5, 0x02, 0xf5, 0x02, 0xd5, 0x02, 0xb4, 0x0a, 0x94, 0x0a,
	0x74, 0x12, 0x74, 0x12, 0x33, 0x12, 0x94, 0x2a, 0x1d, 0xdf, 0xff, 0xff, 0xff, 0xff, 0xff,
	0xff, 0xff, 0xff, 0xff, 0xff, 0xff, 0xff, 0xff, 0xff, 0xff, 0xff, 0xff, 0xff, 0xff, 0xf7,
	0xbf, 0x7e, 0x7e, 0x6e, 0x7e, 0x6e, 0x7e, 0x6e, 0x7e, 0x6e, 0x7e, 0x6e, 0x7e, 0x6e, 0x7e,
	0x6e, 0x7e, 0x6e, 0x7e, 0x6e, 0x7e, 0x6e, 0x7e, 0x6e, 0x7e, 0x6e, 0x7e, 0x6e, 0x7e, 0x6e,
	0x7e, 0x6e, 0x7e, 0x6e, 0x7e, 0x6e, 0x7e, 0x6e, 0x7e, 0x6e, 0x7e, 0x6e, 0x7e, 0x6e, 0x7e,
	0x6e, 0x7e, 0x6e, 0x7e, 0x6e, 0x7e, 0x6e, 0x7e, 0x6e, 0x7e, 0x6e, 0x7e, 0x6e, 0x7e, 0x6e,
	0x7e, 0x6e, 0x7e, 0x6e, 0x7e, 0x6e, 0x7e, 0x6e, 0x7e, 0x6e, 0x7e, 0x6e, 0x7e, 0x6e, 0x7e,
	0x6e, 0x7e, 0x6e, 0x7e, 0x6e, 0x7e, 0x6e, 0x7e, 0x6e, 0x7e, 0x6e, 0x7e, 0x6e, 0x7e, 0x6e,
	0x7e, 0x6e, 0x7e, 0x6e, 0x7e, 0x6e, 0x7e, 0x6e, 0x7e, 0x6e, 0x7e, 0x6e, 0x7e, 0x6e, 0x7e,
	0x6e, 0x7e, 0x6e, 0x7e, 0x6e, 0x9f, 0x76, 0x7e, 0x6e, 0xbd, 0x3d, 0xdb, 0x0c, 0x9a, 0x04,
	0xba, 0x04, 0xba, 0x04, 0xba, 0x04, 0x9a, 0x04, 0x9a, 0x04, 0x9a, 0x04, 0x7a, 0x04, 0x7a,
	0x04, 0x79, 0x04, 0x59, 0x04, 0x59, 0x04, 0x59, 0x04, 0x39, 0x04, 0x39, 0x04, 0x39, 0x04,
	0x18, 0x04, 0x18, 0x04, 0xf8, 0x03, 0xf8, 0x03, 0xd8, 0x03, 0xd7, 0x03, 0xb7, 0x03, 0xb7,
	0x03, 0x97, 0x03, 0x77, 0x03, 0x76, 0x03, 0x56, 0x03, 0x56, 0x03, 0x36, 0x03, 0x16, 0x03,
	0xf5, 0x02, 0xf5, 0x02, 0xd5, 0x02, 0xb4, 0x0a, 0x94, 0x0a, 0x74, 0x12, 0x54, 0x12, 0x53,
	0x1a, 0x54, 0x1a, 0xbd, 0xce, 0xff, 0xff, 0xff, 0xff, 0xff, 0xff, 0xff, 0xff, 0xff, 0xff,
	0xff, 0xff, 0xff, 0xff, 0xff, 0xff, 0xff, 0xff, 0xff, 0xf7, 0xbf, 0x7e, 0x7e, 0x6e, 0x7e,
	0x6e, 0x7e, 0x6e, 0x7e, 0x6e, 0x7e, 0x6e, 0x7e, 0x6e, 0x7e, 0x6e, 0x7e, 0x6e, 0x7e, 0x6e,
	0x7e, 0x6e, 0x7e, 0x6e, 0x7e, 0x6e, 0x7e, 0x6e, 0x7e, 0x6e, 0x7e, 0x6e, 0x7e, 0x6e, 0x7e,
	0x6e, 0x7e, 0x6e, 0x7e, 0x6e, 0x7e, 0x6e, 0x7e, 0x6e, 0x7e, 0x6e, 0x7e, 0x6e, 0x7e, 0x6e,
	0x7e, 0x6e, 0x7e, 0x6e, 0x7e, 0x6e, 0x7e, 0x6e, 0x7e, 0x6e, 0x7e, 0x6e, 0x7e, 0x6e, 0x7e,
	0x6e, 0x7e, 0x6e, 0x7e, 0x6e, 0x7e, 0x6e, 0x7e, 0x6e, 0x7e, 0x6e, 0x7e, 0x6e, 0x7e, 0x6e,
	0x7e, 0x6e, 0x7e, 0x6e, 0x7e, 0x6e, 0x7e, 0x6e, 0x7e, 0x6e, 0x7e, 0x6e, 0x7e, 0x6e, 0x7e,
	0x6e, 0x7e, 0x6e, 0x7e, 0x6e, 0x7e, 0x6e, 0x7e, 0x6e, 0x7e, 0x6e, 0x7e, 0x6e, 0x7e, 0x6e,
	0x7e, 0x6e, 0x7e, 0x6e, 0x9f, 0x76, 0x5e, 0x66, 0x7c, 0x35, 0xba, 0x04, 0x9a, 0x04, 0xba,
	0x04, 0xba, 0x04, 0x9a, 0x04, 0x9a, 0x04, 0x7a, 0x04, 0x7a, 0x04, 0x79, 0x04, 0x59, 0x04,
	0x59, 0x04, 0x59, 0x04, 0x39, 0x04, 0x39, 0x04, 0x39, 0x04, 0x18, 0x04, 0x18, 0x04, 0xf8,
	0x03, 0xf8, 0x03, 0xd8, 0x03, 0xd7, 0x03, 0xb7, 0x03, 0xb7, 0x03, 0x97, 0x03, 0x77, 0x03,
	0x76, 0x03, 0x56, 0x03, 0x56, 0x03, 0x36, 0x03, 0x16, 0x03, 0xf5, 0x02, 0xf5, 0x02, 0xd5,
	0x02, 0xb4, 0x0a, 0x94, 0x0a, 0x74, 0x12, 0x54, 0x12, 0x53, 0x1a, 0x14, 0x1a, 0x7c, 0xc6,
	0xff, 0xff, 0xff, 0xff, 0xff, 0xff, 0xff, 0xff, 0xff, 0xff, 0xff, 0xff, 0xff, 0xff, 0xff,
	0xff, 0xff, 0xff, 0xff, 0xf7, 0xbf, 0x7e, 0x7e, 0x6e, 0x7e, 0x6e, 0x7e, 0x6e, 0x7e, 0x6e,
	0x7e, 0x6e, 0x7e, 0x6e, 0x7e, 0x6e, 0x7e, 0x6e, 0x7e, 0x6e, 0x7e, 0x6e, 0x7e, 0x6e, 0x7e,
	0x6e, 0x7e, 0x6e, 0x7e, 0x6e, 0x7e, 0x6e, 0x7e, 0x6e, 0x7e, 0x6e, 0x7e, 0x6e, 0x7e, 0x6e,
	0x7e, 0x6e, 0x7e, 0x6e, 0x7e, 0x6e, 0x7e, 0x6e, 0x7e, 0x6e, 0x7e, 0x6e, 0x7e, 0x6e, 0x7e,
	0x6e, 0x7e, 0x6e, 0x7e, 0x6e, 0x7e, 0x6e, 0x7e, 0x6e, 0x7e, 0x6e, 0x7e, 0x6e, 0x7e, 0x6e,
	0x7e, 0x6e, 0x7e, 0x6e, 0x7e, 0x6e, 0x7e, 0x6e, 0x7e, 0x6e, 0x7e, 0x6e, 0x7e, 0x6e, 0x7e,
	0x6e, 0x7e, 0x6e, 0x7e, 0x6e, 0x7e, 0x6e, 0x7e, 0x6e, 0x7e, 0x6e, 0x7e, 0x6e, 0x7e, 0x6e,
	0x7e, 0x6e, 0x7e, 0x6e, 0x7e, 0x6e, 0x7e, 0x6e, 0x7e, 0x6e, 0x7e, 0x6e, 0x7e, 0x6e, 0x7e,
	0x6e, 0x9e, 0x6e, 0x9f, 0x76, 0x3e, 0x5e, 0x3b, 0x25, 0x9a, 0x04, 0x9a, 0x04, 0x9a, 0x04,
	0x9a, 0x04, 0x7a, 0x04, 0x7a, 0x04, 0x79, 0x04, 0x59, 0x04, 0x59, 0x04, 0x59, 0x04, 0x39,
	0x04, 0x39, 0x04, 0x39, 0x04, 0x18, 0x04, 0x18, 0x04, 0xf8, 0x03, 0xf8, 0x03, 0xd8, 0x03,
	0xd7, 0x03, 0xb7, 0x03, 0xb7, 0x03, 0x97, 0x03, 0x77, 0x03, 0x76, 0x03, 0x56, 0x03, 0x56,
	0x03, 0x36, 0x03, 0x16, 0x03, 0xf5, 0x02, 0xf5, 0x02, 0xd5, 0x02, 0xb4, 0x0a, 0x94, 0x0a,
	0x74, 0x12, 0x54, 0x12, 0x53, 0x1a, 0x34, 0x1a, 0x7c, 0xc6, 0xff, 0xff, 0xff, 0xff, 0xff,
	0xff, 0xff, 0xff, 0xff, 0xff, 0xff, 0xff, 0xff, 0xff, 0xff, 0xff, 0xff, 0xff, 0xff, 0xf7,
	0xbf, 0x7e, 0x7e, 0x6e, 0x7e, 0x6e, 0x7e, 0x6e, 0x7e, 0x6e, 0x7e, 0x6e, 0x7e, 0x6e, 0x7e,
	0x6e, 0x7e, 0x6e, 0x7e, 0x6e, 0x7e, 0x6e, 0x7e, 0x6e, 0x7e, 0x6e, 0x7e, 0x6e, 0x7e, 0x6e,
	0x7e, 0x6e, 0x7e, 0x6e, 0x7e, 0x6e, 0x7e, 0x6e, 0x7e, 0x6e, 0x7e, 0x6e, 0x7e, 0x6e, 0x7e,
	0x6e, 0x7e, 0x6e, 0x7e, 0x6e, 0x7e, 0x6e, 0x7e, 0x6e, 0x7e, 0x6e, 0x7e, 0x6e, 0x7e, 0x6e,
	0x7e, 0x6e, 0x7e, 0x6e, 0x7e, 0x6e, 0x7e, 0x6e, 0x7e, 0x6e, 0x7e, 0x6e, 0x7e, 0x6e, 0x7e,
	0x6e, 0x7e, 0x6e, 0x7e, 0x6e, 0x7e, 0x6e, 0x7e, 0x6e, 0x7e, 0x6e, 0x7e, 0x6e, 0x7e, 0x6e,
	0x7e, 0x6e, 0x7e, 0x6e, 0x7e, 0x6e, 0x7e, 0x6e, 0x7e, 0x6e, 0x7e, 0x6e, 0x7e, 0x6e, 0x7e,
	0x6e, 0x7e, 0x6e, 0x7e, 0x6e, 0x7e, 0x6e, 0x7e, 0x6e, 0x7e, 0x6e, 0x7e, 0x6e, 0x7e, 0x6e,
	0x9f, 0x76, 0x9f, 0x76, 0xfd, 0x4d, 0xfb, 0x14, 0x7a, 0x04, 0x7a, 0x04, 0x9a, 0x04, 0x7a,
	0x04, 0x79, 0x04, 0x59, 0x04, 0x59, 0x04, 0x59, 0x04, 0x39, 0x04, 0x39, 0x04, 0x39, 0x04,
	0x18, 0x04, 0x18, 0x04, 0xf8, 0x03, 0xf8, 0x03, 0xd8, 0x03, 0xd7, 0x03, 0xb7, 0x03, 0xb7,
	0x03, 0x97, 0x03, 0x77, 0x03, 0x76, 0x03, 0x56, 0x03, 0x56, 0x03, 0x36, 0x03, 0x16, 0x03,
	0xf5, 0x02, 0xf5, 0x02, 0xd5, 0x02, 0xb4, 0x0a, 0x94, 0x0a, 0x74, 0x12, 0x54, 0x12, 0x53,
	0x1a, 0x34, 0x1a, 0x7c, 0xc6, 0xff, 0xff, 0xff, 0xff, 0xff, 0xff, 0xff, 0xff, 0xff, 0xff,
	0xff, 0xff, 0xff, 0xff, 0xff, 0xff, 0xff, 0xff, 0xff, 0xf7, 0xbf, 0x7e, 0x7e, 0x6e, 0x7e,
	0x6e, 0x7e, 0x6e, 0x7e, 0x6e, 0x7e, 0x6e, 0x7e, 0x6e, 0x7e, 0x6e, 0x7e, 0x6e, 0x7e, 0x6e,
	0x7e, 0x6e, 0x7e, 0x6e, 0x7e, 0x6e, 0x7e, 0x6e, 0x7e, 0x6e, 0x7e, 0x6e, 0x7e, 0x6e, 0x7e,
	0x6e, 0x7e, 0x6e, 0x7e, 0x6e, 0x7e, 0x6e, 0x7e, 0x6e, 0x7e, 0x6e, 0x7e, 0x6e, 0x7e, 0x6e,
	0x7e, 0x6e, 0x7e, 0x6e, 0x7e, 0x6e, 0x7e, 0x6e, 0x7e, 0x6e, 0x7e, 0x6e, 0x7e, 0x6e, 0x7e,
	0x6e, 0x7e, 0x6e, 0x7e, 0x6e, 0x7e, 0x6e, 0x7e, 0x6e, 0x7e, 0x6e, 0x7e, 0x6e, 0x7e, 0x6e,
	0x7e, 0x6e, 0x7e, 0x6e, 0x7e, 0x6e, 0x7e, 0x6e, 0x7e, 0x6e, 0x7e, 0x6e, 0x7e, 0x6e, 0x7e,
	0x6e, 0x7e, 0x6e, 0x7e, 0x6e, 0x7e, 0x6e, 0x7e, 0x6e, 0x7e, 0x6e, 0x7e, 0x6e, 0x7e, 0x6e,
	0x7e, 0x6e, 0x7e, 0x6e, 0x7e, 0x6e, 0x7e, 0x6e, 0x7e, 0x6e, 0x7e, 0x6e, 0x7e, 0x6e, 0x9f,
	0x76, 0x7e, 0x6e, 0xbc, 0x3d, 0xba, 0x0c, 0x59, 0x04, 0x7a, 0x04, 0x7a, 0x04, 0x59, 0x04,
	0x59, 0x04, 0x59, 0x04, 0x39, 0x04, 0x39, 0x04, 0x39, 0x04, 0x18, 0x04, 0x18, 0x04, 0xf8,
	0x03, 0xf8, 0x03, 0xd8, 0x03, 0xd7, 0x03, 0xb7, 0x03, 0xb7, 0x03, 0x97, 0x03, 0x77, 0x03,
	0x76, 0x03, 0x56, 0x03, 0x56, 0x03, 0x36, 0x03, 0x16, 0x03, 0xf5, 0x02, 0xf5, 0x02, 0xd5,
	0x02, 0xb4, 0x0a, 0x94, 0x0a, 0x74, 0x12, 0x54, 0x12, 0x53, 0x1a, 0x34, 0x1a, 0x7c, 0xc6,
	0xff, 0xff, 0xff, 0xff, 0xff, 0xff, 0xff, 0xff, 0xff, 0xff, 0xff, 0xff, 0xff, 0xff, 0xff,
	0xff, 0xff, 0xff, 0xff, 0xf7, 0xbf, 0x7e, 0x7e, 0x6e, 0x7e, 0x6e, 0x7e, 0x6e, 0x7e, 0x6e,
	0x7e, 0x6e, 0x7e, 0x6e, 0x7e, 0x6e, 0x7e, 0x6e, 0x7e, 0x6e, 0x7e, 0x6e, 0x7e, 0x6e, 0x7e,
	0x6e, 0x7e, 0x6e, 0x7e, 0x6e, 0x7e, 0x6e, 0x7e, 0x6e, 0x7e, 0x6e, 0x7e, 0x6e, 0x7e, 0x6e,
	0x7e, 0x6e, 0x7e, 0x6e, 0x7e, 0x6e, 0x7e, 0x6e, 0x7e, 0x6e, 0x7e, 0x6e, 0x7e, 0x6e, 0x7e,
	0x6e, 0x7e, 0x6e, 0x7e, 0x6e, 0x7e, 0x6e, 0x7e, 0x6e, 0x7e, 0x6e, 0x7e, 0x6e, 0x7e, 0x6e,
	0x7e, 0x6e, 0x7e, 0x6e, 0x7e, 0x6e, 0x7e, 0x6e, 0x7e, 0x6e, 0x7e, 0x6e, 0x7e, 0x6e, 0x7e,
	0x6e, 0x7e, 0x6e, 0x7e, 0x6e, 0x7e, 0x6e, 0x7e, 0x6e, 0x7e, 0x6e, 0x7e, 0x6e, 0x7e, 0x6e,
	0x7e, 0x6e, 0x7e, 0x6e, 0x7e, 0x6e, 0x7e, 0x6e, 0x7e, 0x6e, 0x7e, 0x6e, 0x7e, 0x6e, 0x7e,
	0x6e, 0x7e, 0x6e, 0x7e, 0x6e, 0x7e, 0x6e, 0x7e, 0x6e, 0x7e, 0x6e, 0x7e, 0x6e, 0xbf, 0x76,
	0x5e, 0x66, 0x5c, 0x35, 0x7a, 0x04, 0x59, 0x04, 0x79, 0x04, 0x59, 0x04, 0x59, 0x04, 0x39,
	0x04, 0x39, 0x04, 0x39, 0x04, 0x18, 0x04, 0x18, 0x04, 0xf8, 0x03, 0xf8, 0x03, 0xd8, 0x03,
	0xd7, 0x03, 0xb7, 0x03, 0xb7, 0x03, 0x97, 0x03, 0x77, 0x03, 0x76, 0x03, 0x56, 0x03, 0x56,
	0x03, 0x36, 0x03, 0x16, 0x03, 0xf5, 0x02, 0xf5, 0x02, 0xd5, 0x02, 0xb4, 0x0a, 0x94, 0x0a,
	0x74, 0x12, 0x54, 0x12, 0x53, 0x1a, 0x34, 0x1a, 0x7c, 0xc6, 0xff, 0xff, 0xff, 0xff, 0xff,
	0xff, 0xff, 0xff, 0xff, 0xff, 0xff, 0xff, 0xff, 0xff, 0xff, 0xff, 0xff, 0xff, 0xff, 0xf7,
	0xbf, 0x7e, 0x7e, 0x6e, 0x7e, 0x6e, 0x7e, 0x6e, 0x7e, 0x6e, 0x7e, 0x6e, 0x7e, 0x6e, 0x7e,
	0x6e, 0x7e, 0x6e, 0x7e, 0x6e, 0x7e, 0x6e, 0x7e, 0x6e, 0x7e, 0x6e, 0x7e, 0x6e, 0x7e, 0x6e,
	0x7e, 0x6e, 0x7e, 0x6e, 0x7e, 0x6e, 0x7e, 0x6e, 0x7e, 0x6e, 0x7e, 0x6e, 0x7e, 0x6e, 0x7e,
	0x6e, 0x7e, 0x6e, 0x7e, 0x6e, 0x7e, 0x6e, 0x7e, 0x6e, 0x7e, 0x6e, 0x7e, 0x6e, 0x7e, 0x6e,
	0x7e, 0x6e, 0x7e, 0x6e, 0x7e, 0x6e, 0x7e, 0x6e, 0x7e, 0x6e, 0x7e, 0x6e, 0x7e, 0x6e, 0x7e,
	0x6e, 0x7e, 0x6e, 0x7e, 0x6e, 0x7e, 0x6e, 0x7e, 0x6e, 0x7e, 0x6e, 0x7e, 0x6e, 0x7e, 0x6e,
	0x7e, 0x6e, 0x7e, 0x6e, 0x7e, 0x6e, 0x7e, 0x6e, 0x7e, 0x6e, 0x7e, 0x6e, 0x7e, 0x6e, 0x7e,
	0x6e, 0x7e, 0x6e, 0x7e, 0x6e, 0x7e, 0x6e, 0x7e, 0x6e, 0x7e, 0x6e, 0x7e, 0x6e, 0x7e, 0x6e,
	0x7e, 0x6e, 0x7e, 0x6e, 0x7e, 0x6e, 0x7e, 0x6e, 0x7e, 0x6e, 0x9e, 0x6e, 0xbf, 0x76, 0x3d,
	0x5e, 0x1b, 0x25, 0x59, 0x04, 0x39, 0x04, 0x59, 0x04, 0x39, 0x04, 0x39, 0x04, 0x39, 0x04,
	0x18, 0x04, 0x18, 0x04, 0xf8, 0x03, 0xf8, 0x03, 0xd8, 0x03, 0xd7, 0x03, 0xb7, 0x03, 0xb7,
	0x03, 0x97, 0x03, 0x77, 0x03, 0x76, 0x03, 0x56, 0x03, 0x56, 0x03, 0x36, 0x03, 0x16, 0x03,
	0xf5, 0x02, 0xf5, 0x02, 0xd5, 0x02, 0xb4, 0x0a, 0x94, 0x0a, 0x74, 0x12, 0x54, 0x12, 0x53,
	0x1a, 0x34, 0x1a, 0x7c, 0xc6, 0xff, 0xff, 0xff, 0xff, 0xff, 0xff, 0xff, 0xff, 0xff, 0xff,
	0xff, 0xff, 0xff, 0xff, 0xff, 0xff, 0xff, 0xff, 0xff, 0xf7, 0xbf, 0x7e, 0x7e, 0x6e, 0x7e,
	0x6e, 0x7e, 0x6e, 0x7e, 0x6e, 0x7e, 0x6e, 0x7e, 0x6e, 0x7e, 0x6e, 0x7e, 0x6e, 0x7e, 0x6e,
	0x7e, 0x6e, 0x7e, 0x6e, 0x7e, 0x6e, 0x7e, 0x6e, 0x7e, 0x6e, 0x7e, 0x6e, 0x7e, 0x6e, 0x7e,
	0x6e, 0x7e, 0x6e, 0x7e, 0x6e, 0x7e, 0x6e, 0x7e, 0x6e, 0x7e, 0x6e, 0x7e, 0x6e, 0x7e, 0x6e,
	0x7e, 0x6e, 0x7e, 0x6e, 0x7e, 0x6e, 0x7e, 0x6e, 0x7e, 0x6e, 0x7e, 0x6e, 0x7e, 0x6e, 0x7e,
	0x6e, 0x7e, 0x6e, 0x7e, 0x6e, 0x7e, 0x6e, 0x7e, 0x6e, 0x7e, 0x6e, 0x7e, 0x6e, 0x7e, 0x6e,
	0x7e, 0x6e, 0x7e, 0x6e, 0x7e, 0x6e, 0x7e, 0x6e, 0x7e, 0x6e, 0x7e, 0x6e, 0x7e, 0x6e, 0x7e,
	0x6e, 0x7e, 0x6e, 0x7e, 0x6e, 0x7e, 0x6e, 0x7e, 0x6e, 0x7e, 0x6e, 0x7e, 0x6e, 0x7e, 0x6e,
	0x7e, 0x6e, 0x7e, 0x6e, 0x7e, 0x6e, 0x7e, 0x6e, 0x7e, 0x6e, 0x7e, 0x6e, 0x7e, 0x6e, 0x7e,
	0x6e, 0x7e, 0x6e, 0x7e, 0x6e, 0x7e, 0x6e, 0x7e, 0x6e, 0x9e, 0x76, 0x9f, 0x76, 0xfd, 0x4d,
	0xba, 0x14, 0x39, 0x04, 0x39, 0x04, 0x39, 0x04, 0x39, 0x04, 0x18, 0x04, 0x18, 0x04, 0xf8,
	0x03, 0xf8, 0x03, 0xd8, 0x03, 0xd7, 0x03, 0xb7, 0x03, 0xb7, 0x03, 0x97, 0x03, 0x77, 0x03,
	0x76, 0x03, 0x56, 0x03, 0x56, 0x03, 0x36, 0x03, 0x16, 0x03, 0xf5, 0x02, 0xf5, 0x02, 0xd5,
	0x02, 0xb4, 0x0a, 0x94, 0x0a, 0x74, 0x12, 0x54, 0x12, 0x53, 0x1a, 0x34, 0x1a, 0x9c, 0xce,
	0xff, 0xff, 0xff, 0xff, 0xff, 0xff, 0xff, 0xff, 0xff, 0xff, 0xff, 0xff, 0xff, 0xff, 0xff,
	0xff, 0xff, 0xff, 0xff, 0xf7, 0xdf, 0x7e, 0x7e, 0x6e, 0x7e, 0x6e, 0x7e, 0x6e, 0x7e, 0x6e,
	0x7e, 0x6e, 0x7e, 0x6e, 0x7e, 0x6e, 0x7e, 0x6e, 0x7e, 0x6e, 0x7e, 0x6e, 0x7e, 0x6e, 0x7e,
	0x6e, 0x7e, 0x6e, 0x7e, 0x6e, 0x7e, 0x6e, 0x7e, 0x6e, 0x7e, 0x6e, 0x7e, 0x6e, 0x7e, 0x6e,
	0x7e, 0x6e, 0x7e, 0x6e, 0x7e, 0x6e, 0x7e, 0x6e, 0x7e, 0x6e, 0x7e, 0x6e, 0x7e, 0x6e, 0x7e,
	0x6e, 0x7e, 0x6e, 0x7e, 0x6e, 0x7e, 0x6e, 0x7e, 0x6e, 0x7e, 0x6e, 0x7e, 0x6e, 0x7e, 0x6e,
	0x7e, 0x6e, 0x7e, 0x6e, 0x7e, 0x6e, 0x7e, 0x6e, 0x7e, 0x6e, 0x7e, 0x6e, 0x7e, 0x6e, 0x7e,
	0x6e, 0x7e, 0x6e, 0x7e, 0x6e, 0x7e, 0x6e, 0x7e, 0x6e, 0x7e, 0x6e, 0x7e, 0x6e, 0x7e, 0x6e,
	0x7e, 0x6e, 0x7e, 0x6e, 0x7e, 0x6e, 0x7e, 0x6e, 0x7e, 0x6e, 0x7e, 0x6e, 0x7e, 0x6e, 0x7e,
	0x6e, 0x7e, 0x6e, 0x7e, 0x6e, 0x7e, 0x6e, 0x7e, 0x6e, 0x7e, 0x6e, 0x7e, 0x6e, 0x7e, 0x6e,
	0x7e, 0x6e, 0x7e, 0x6e, 0x7e, 0x6e, 0x7e, 0x6e, 0x9f, 0x76, 0x9e, 0x6e, 0x9c, 0x45, 0x79,
	0x0c, 0x18, 0x04, 0x39, 0x04, 0x39, 0x04, 0x18, 0x04, 0xf8, 0x03, 0xf8, 0x03, 0xd8, 0x03,
	0xd7, 0x03, 0xb7, 0x03, 0xb7, 0x03, 0x97, 0x03, 0x77, 0x03, 0x76, 0x03, 0x56, 0x03, 0x56,
	0x03, 0x36, 0x03, 0x16, 0x03, 0xf5, 0x02, 0xf5, 0x02, 0xd5, 0x02, 0xb4, 0x0a, 0x94, 0x0a,
	0x74, 0x12, 0x74, 0x12, 0x53, 0x1a, 0x54, 0x1a, 0x1b, 0xb6, 0xff, 0xff, 0xff, 0xff, 0xff,
	0xff, 0xff, 0xff, 0xff, 0xff, 0xff, 0xff, 0xff, 0xff, 0xff, 0xff, 0xff, 0xff, 0xff, 0xff,
	0xbf, 0x86, 0x9f, 0x6e, 0x7e, 0x6e, 0x7e, 0x6e, 0x7e, 0x6e, 0x7e, 0x6e, 0x7e, 0x6e, 0x7e,
	0x6e, 0x7e, 0x6e, 0x7e, 0x6e, 0x7e, 0x6e, 0x7e, 0x6e, 0x7e, 0x6e, 0x7e, 0x6e, 0x7e, 0x6e,
	0x7e, 0x6e, 0x7e, 0x6e, 0x7e, 0x6e, 0x7e, 0x6e, 0x7e, 0x6e, 0x7e, 0x6e, 0x7e, 0x6e, 0x7e,
	0x6e, 0x7e, 0x6e, 0x7e, 0x6e, 0x7e, 0x6e, 0x9e, 0x6e, 0x9f, 0x76, 0x7e, 0x6e, 0x7e, 0x6e,
	0x7e, 0x6e, 0x7e, 0x6e, 0x7e, 0x6e, 0x7e, 0x6e, 0x7e, 0x6e, 0x7e, 0x6e, 0x7e, 0x6e, 0x7e,
	0x6e, 0x7e, 0x6e, 0x7e, 0x6e, 0x7e, 0x6e, 0x7e, 0x6e, 0x7e, 0x6e, 0x7e, 0x6e, 0x7e, 0x6e,
	0x7e, 0x6e, 0x7e, 0x6e, 0x7e, 0x6e, 0x7e, 0x6e, 0x7e, 0x6e, 0x7e, 0x6e, 0x7e, 0x6e, 0x7e,
	0x6e, 0x7e, 0x6e, 0x7e, 0x6e, 0x7e, 0x6e, 0x7e, 0x6e, 0x7e, 0x6e, 0x7e, 0x6e, 0x7e, 0x6e,
	0x7e, 0x6e, 0x7e, 0x6e, 0x7e, 0x6e, 0x7e, 0x6e, 0x7e, 0x6e, 0x7e, 0x6e, 0x7e, 0x6e, 0x7e,
	0x6e, 0x7e, 0x6e, 0x7e, 0x6e, 0x7e, 0x6e, 0xbf, 0x76, 0x5e, 0x66, 0x3b, 0x35, 0x39, 0x04,
	0xf8, 0x03, 0x18, 0x04, 0xf8, 0x03, 0xf8, 0x03, 0xd8, 0x03, 0xd7, 0x03, 0xb7, 0x03, 0xb7,
	0x03, 0x97, 0x03, 0x77, 0x03, 0x76, 0x03, 0x56, 0x03, 0x56, 0x03, 0x36, 0x03, 0x16, 0x03,
	0xf5, 0x02, 0xf5, 0x02, 0xd5, 0x02, 0xb4, 0x0a, 0x94, 0x0a, 0x74, 0x12, 0x74, 0x12, 0x53,
	0x1a, 0x75, 0x22, 0xdb, 0xad, 0xff, 0xff, 0xff, 0xff, 0xff, 0xff, 0xff, 0xff, 0xff, 0xff,
	0xff, 0xff, 0xff, 0xff, 0xff, 0xff, 0xff, 0xff, 0xff, 0xff, 0xdf, 0x86, 0xdf, 0x76, 0x7e,
	0x6e, 0x7e, 0x6e, 0x7e, 0x6e, 0x7e, 0x6e, 0x7e, 0x6e, 0x7e, 0x6e, 0x7e, 0x6e, 0x7e, 0x6e,
	0x7e, 0x6e, 0x7e, 0x6e, 0x7e, 0x6e, 0x7e, 0x6e, 0x7e, 0x6e, 0x7e, 0x6e, 0x7e, 0x6e, 0x7e,
	0x6e, 0x7e, 0x6e, 0x7e, 0x6e, 0x7e, 0x6e, 0x7e, 0x6e, 0x7e, 0x6e, 0x7e, 0x6e, 0x7e, 0x6e,
	0x9e, 0x76, 0x9c, 0x35, 0xbd, 0x45, 0x9f, 0x76, 0x9f, 0x76, 0x7e, 0x6e, 0x7e, 0x6e, 0x7e,
	0x6e, 0x7e, 0x6e, 0x7e, 0x6e, 0x7e, 0x6e, 0x7e, 0x6e, 0x7e, 0x6e, 0x7e, 0x6e, 0x7e, 0x6e,
	0x7e, 0x6e, 0x7e, 0x6e, 0x7e, 0x6e, 0x7e, 0x6e, 0x7e, 0x6e, 0x7e, 0x6e, 0x7e, 0x6e, 0x7e,
	0x6e, 0x7e, 0x6e, 0x7e, 0x6e, 0x7e, 0x6e, 0x7e, 0x6e, 0x7e, 0x6e, 0x7e, 0x6e, 0x7e, 0x6e,
	0x7e, 0x6e, 0x7e, 0x6e, 0x7e, 0x6e, 0x7e, 0x6e, 0x7e, 0x6e, 0x7e, 0x6e, 0x7e, 0x6e, 0x7e,
	0x6e, 0x7e, 0x6e, 0x7e, 0x6e, 0x7e, 0x6e, 0x7e, 0x6e, 0x7e, 0x6e, 0x7e, 0x6e, 0x7e, 0x6e,
	0x7e, 0x6e, 0x7e, 0x6e, 0x9e, 0x6e, 0xbf, 0x76, 0x1d, 0x5e, 0xda, 0x24, 0xf8, 0x03, 0xd8,
	0x03, 0xf8, 0x03, 0xd8, 0x03, 0xd7, 0x03, 0xb7, 0x03, 0xb7, 0x03, 0x97, 0x03, 0x77, 0x03,
	0x76, 0x03, 0x56, 0x03, 0x56, 0x03, 0x36, 0x03, 0x16, 0x03, 0xf5, 0x02, 0xf5, 0x02, 0xd5,
	0x02, 0xb4, 0x0a, 0x94, 0x0a, 0x74, 0x12, 0x74, 0x12, 0x53, 0x1a, 0x75, 0x22, 0xdb, 0xad,
	0xff, 0xff, 0xff, 0xff, 0xff, 0xff, 0xff, 0xff, 0xff, 0xff, 0xff, 0xff, 0xff, 0xff, 0xff,
	0xff, 0xff, 0xff, 0xff, 0xff, 0xbf, 0x86, 0xdf, 0x76, 0x7e, 0x6e, 0x7e, 0x6e, 0x7e, 0x6e,
	0x7e, 0x6e, 0x7e, 0x6e, 0x7e, 0x6e, 0x7e, 0x6e, 0x7e, 0x6e, 0x7e, 0x6e, 0x7e, 0x6e, 0x7e,
	0x6e, 0x7e, 0x6e, 0x7e, 0x6e, 0x7e, 0x6e, 0x7e, 0x6e, 0x7e, 0x6e, 0x7e, 0x6e, 0x7e, 0x6e,
	0x7e, 0x6e, 0x7e, 0x6e, 0x7e, 0x6e, 0x7e, 0x6e, 0x7e, 0x6e, 0x9f, 0x76, 0x5c, 0x25, 0x7a,
	0x04, 0xfb, 0x1c, 0xfd, 0x55, 0x9f, 0x76, 0x9e, 0x76, 0x7e, 0x6e, 0x7e, 0x6e, 0x7e, 0x6e,
	0x7e, 0x6e, 0x7e, 0x6e, 0x7e, 0x6e, 0x7e, 0x6e, 0x7e, 0x6e, 0x7e, 0x6e, 0x7e, 0x6e, 0x7e,
	0x6e, 0x7e, 0x6e, 0x7e, 0x6e, 0x7e, 0x6e, 0x7e, 0x6e, 0x7e, 0x6e, 0x7e, 0x6e, 0x7e, 0x6e,
	0x7e, 0x6e, 0x7e, 0x6e, 0x7e, 0x6e, 0x7e, 0x6e, 0x7e, 0x6e, 0x7e, 0x6e, 0x7e, 0x6e, 0x7e,
	0x6e, 0x7e, 0x6e, 0x7e, 0x6e, 0x7e, 0x6e, 0x7e, 0x6e, 0x7e, 0x6e, 0x7e, 0x6e, 0x7e, 0x6e,
	0x7e, 0x6e, 0x7e, 0x6e, 0x7e, 0x6e, 0x7e, 0x6e, 0x7e, 0x6e, 0x7e, 0x6e, 0x7e, 0x6e, 0x7e,
	0x6e, 0x7e, 0x6e, 0x9f, 0x76, 0x9f, 0x76, 0xdd, 0x4d, 0x79, 0x14, 0xb7, 0x03, 0xd8, 0x03,
	0xd8, 0x03, 0xb7, 0x03, 0xb7, 0x03, 0x97, 0x03, 0x77, 0x03, 0x76, 0x03, 0x56, 0x03, 0x56,
	0x03, 0x36, 0x03, 0x16, 0x03, 0xf5, 0x02, 0xf5, 0x02, 0xd5, 0x02, 0xb4, 0x0a, 0x94, 0x0a,
	0x74, 0x12, 0x74, 0x12, 0x53, 0x1a, 0x75, 0x22, 0xdb, 0xad, 0xff, 0xff, 0xff, 0xff, 0xff,
	0xff, 0xff, 0xff, 0xff, 0xff, 0xff, 0xff, 0xff, 0xff, 0xff, 0xff, 0xff, 0xff, 0xff, 0xff,
	0xbf, 0x86, 0xdf, 0x76, 0x7e, 0x6e, 0x7e, 0x6e, 0x7e, 0x6e, 0x7e, 0x6e, 0x7e, 0x6e, 0x7e,
	0x6e, 0x7e, 0x6e, 0x7e, 0x6e, 0x7e, 0x6e, 0x7e, 0x6e, 0x7e, 0x6e, 0x7e, 0x6e, 0x7e, 0x6e,
	0x7e, 0x6e, 0x7e, 0x6e, 0x7e, 0x6e, 0x7e, 0x6e, 0x7e, 0x6e, 0x7e, 0x6e, 0x7e, 0x6e, 0x7e,
	0x6e, 0x7e, 0x6e, 0x7e, 0x6e, 0x9f, 0x76, 0x7c, 0x2d, 0x9a, 0x04, 0x79, 0x04, 0x39, 0x04,
	0xfb, 0x24, 0x3d, 0x5e, 0xbf, 0x76, 0x9e, 0x6e, 0x7e, 0x6e, 0x7e, 0x6e, 0x7e, 0x6e, 0x7e,
	0x6e, 0x7e, 0x6e, 0x7e, 0x6e, 0x7e, 0x6e, 0x7e, 0x6e, 0x7e, 0x6e, 0x7e, 0x6e, 0x7e, 0x6e,
	0x7e, 0x6e, 0x7e, 0x6e, 0x7e, 0x6e, 0x7e, 0x6e, 0x7e, 0x6e, 0x7e, 0x6e, 0x7e, 0x6e, 0x7e,
	0x6e, 0x7e, 0x6e, 0x7e, 0x6e, 0x7e, 0x6e, 0x7e, 0x6e, 0x7e, 0x6e, 0x7e, 0x6e, 0x7e, 0x6e,
	0x7e, 0x6e, 0x7e, 0x6e, 0x7e, 0x6e, 0x7e, 0x6e, 0x7e, 0x6e, 0x7e, 0x6e, 0x7e, 0x6e, 0x7e,
	0x6e, 0x7e, 0x6e, 0x7e, 0x6e, 0x7e, 0x6e, 0x7e, 0x6e, 0x7e, 0x6e, 0x7e, 0x6e, 0x7e, 0x6e,
	0x7e, 0x6e, 0xbf, 0x76, 0x9e, 0x6e, 0x7c, 0x45, 0x18, 0x0c, 0x97, 0x03, 0xb7, 0x03, 0xb7,
	0x03, 0x97, 0x03, 0x77, 0x03, 0x76, 0x03, 0x56, 0x03, 0x56, 0x03, 0x36, 0x03, 0x16, 0x03,
	0xf5, 0x02, 0xf5, 0x02, 0xd5, 0x02, 0xb4, 0x0a, 0x94, 0x0a, 0x74, 0x12, 0x74, 0x12, 0x53,
	0x1a, 0x75, 0x22, 0xdb, 0xad, 0xff, 0xff, 0xff, 0xff, 0xff, 0xff, 0xff, 0xff, 0xff, 0xff,
	0xff, 0xff, 0xff, 0xff, 0xff, 0xff, 0xff, 0xff, 0xff, 0xff, 0xbf, 0x86, 0xdf, 0x76, 0x7e,
	0x6e, 0x7e, 0x6e, 0x7e, 0x6e, 0x7e, 0x6e, 0x7e, 0x6e, 0x7e, 0x6e, 0x7e, 0x6e, 0x7e, 0x6e,
	0x7e, 0x6e, 0x7e, 0x6e, 0x7e, 0x6e, 0x7e, 0x6e, 0x7e, 0x6e, 0x7e, 0x6e, 0x7e, 0x6e, 0x7e,
	0x6e, 0x7e, 0x6e, 0x7e, 0x6e, 0x7e, 0x6e, 0x7e, 0x6e, 0x7e, 0x6e, 0x7e, 0x6e, 0x7e, 0x6e,
	0x9f, 0x76, 0x3c, 0x25, 0x9a, 0x04, 0x9a, 0x04, 0x59, 0x04, 0x18, 0x04, 0x18, 0x04, 0x1b,
	0x35, 0x5e, 0x6e, 0xbf, 0x76, 0x7e, 0x6e, 0x7e, 0x6e, 0x7e, 0x6e, 0x7e, 0x6e, 0x7e, 0x6e,
	0x7e, 0x6e, 0x7e, 0x6e, 0x7e, 0x6e, 0x7e, 0x6e, 0x7e, 0x6e, 0x7e, 0x6e, 0x7e, 0x6e, 0x7e,
	0x6e, 0x7e, 0x6e, 0x7e, 0x6e, 0x7e, 0x6e, 0x7e, 0x6e, 0x7e, 0x6e, 0x7e, 0x6e, 0x7e, 0x6e,
	0x7e, 0x6e, 0x7e, 0x6e, 0x7e, 0x6e, 0x7e, 0x6e, 0x7e, 0x6e, 0x7e, 0x6e, 0x7e, 0x6e, 0x7e,
	0x6e, 0x7e, 0x6e, 0x7e, 0x6e, 0x7e, 0x6e, 0x7e, 0x6e, 0x7e, 0x6e, 0x7e, 0x6e, 0x7e, 0x6e,
	0x7e, 0x6e, 0x7e, 0x6e, 0x7e, 0x6e, 0x7e, 0x6e, 0x7e, 0x6e, 0x7e, 0x6e, 0x7e, 0x6e, 0x7e,
	0x6e, 0xbf, 0x76, 0x5e, 0x66, 0xfa, 0x34, 0xb7, 0x03, 0x77, 0x03, 0x97, 0x03, 0x97, 0x03,
	0x76, 0x03, 0x56, 0x03, 0x56, 0x03, 0x36, 0x03, 0x16, 0x03, 0xf5, 0x02, 0xf5, 0x02, 0xd5,
	0x02, 0xb4, 0x0a, 0x94, 0x0a, 0x74, 0x12, 0x74, 0x12, 0x53, 0x1a, 0x75, 0x22, 0xdb, 0xad,
	0xff, 0xff, 0xff, 0xff, 0xff, 0xff, 0xff, 0xff, 0xff, 0xff, 0xff, 0xff, 0xff, 0xff, 0xff,
	0xff, 0xff, 0xff, 0xff, 0xff, 0xbf, 0x86, 0xdf, 0x76, 0x7e, 0x6e, 0x7e, 0x6e, 0x7e, 0x6e,
	0x7e, 0x6e, 0x7e, 0x6e, 0x7e, 0x6e, 0x7e, 0x6e, 0x7e, 0x6e, 0x7e, 0x6e, 0x7e, 0x6e, 0x7e,
	0x6e, 0x7e, 0x6e, 0x7e, 0x6e, 0x7e, 0x6e, 0x7e, 0x6e, 0x7e, 0x6e, 0x7e, 0x6e, 0x7e, 0x6e,
	0x7e, 0x6e, 0x7e, 0x6e, 0x7e, 0x6e, 0x7e, 0x6e, 0x7e, 0x6e, 0x9f, 0x76, 0x3c, 0x25, 0x9a,
	0x04, 0x7a, 0x04, 0x59, 0x04, 0x39, 0x04, 0x18, 0x04, 0xb7, 0x03, 0xf8, 0x0b, 0x5b, 0x45,
	0x9e, 0x6e, 0xbf, 0x76, 0x7e, 0x6e, 0x7e, 0x6e, 0x7e, 0x6e, 0x7e, 0x6e, 0x7e, 0x6e, 0x7e,
	0x6e, 0x7e, 0x6e, 0x7e, 0x6e, 0x7e, 0x6e, 0x7e, 0x6e, 0x7e, 0x6e, 0x7e, 0x6e, 0x7e, 0x6e,
	0x7e, 0x6e, 0x7e, 0x6e, 0x7e, 0x6e, 0x7e, 0x6e, 0x7e, 0x6e, 0x7e, 0x6e, 0x7e, 0x6e, 0x7e,
	0x6e, 0x7e, 0x6e, 0x7e, 0x6e, 0x7e, 0x6e, 0x7e, 0x6e, 0x7e, 0x6e, 0x7e, 0x6e, 0x7e, 0x6e,
	0x7e, 0x6e, 0x7e, 0x6e, 0x7e, 0x6e, 0x7e, 0x6e, 0x7e, 0x6e, 0x7e, 0x6e, 0x7e, 0x6e, 0x7e,
	0x6e, 0x7e, 0x6e, 0x7e, 0x6e, 0x7e, 0x6e, 0x7e, 0x6e, 0x7e, 0x6e, 0x7e, 0x6e, 0x9e, 0x6e,
	0xbf, 0x76, 0x1d, 0x5e, 0x79, 0x24, 0x77, 0x03, 0x56, 0x03, 0x77, 0x03, 0x76, 0x03, 0x56,
	0x03, 0x36, 0x03, 0x16, 0x03, 0xf5, 0x02, 0xf5, 0x02, 0xd5, 0x02, 0xb4, 0x0a, 0x94, 0x0a,
	0x74, 0x12, 0x74, 0x12, 0x53, 0x1a, 0x75, 0x22, 0xdb, 0xad, 0xff, 0xff, 0xff, 0xff, 0xff,
	0xff, 0xff, 0xff, 0xff, 0xff, 0xff, 0xff, 0xff, 0xff, 0xff, 0xff, 0xff, 0xff, 0xff, 0xff,
	0xbf, 0x86, 0xdf, 0x76, 0x7e, 0x6e, 0x7e, 0x6e, 0x7e, 0x6e, 0x7e, 0x6e, 0x7e, 0x6e, 0x7e,
	0x6e, 0x7e, 0x6e, 0x7e, 0x6e, 0x7e, 0x6e, 0x7e, 0x6e, 0x7e, 0x6e, 0x7e, 0x6e, 0x7e, 0x6e,
	0x7e, 0x6e, 0x7e, 0x6e, 0x7e, 0x6e, 0x7e, 0x6e, 0x7e, 0x6e, 0x7e, 0x6e, 0x7e, 0x6e, 0x7e,
	0x6e, 0x7e, 0x6e, 0x7e, 0x6e, 0x9f, 0x76, 0x3c, 0x25, 0x9a, 0x04, 0x7a, 0x04, 0x59, 0x04,
	0x39, 0x04, 0x18, 0x04, 0xf8, 0x03, 0xb7, 0x03, 0x77, 0x03, 0x18, 0x1c, 0x9c, 0x55, 0xbf,
	0x76, 0x9f, 0x76, 0x7e, 0x6e, 0x7e, 0x6e, 0x7e, 0x6e, 0x7e, 0x6e, 0x7e, 0x6e, 0x7e, 0x6e,
	0x7e, 0x6e, 0x7e, 0x6e, 0x7e, 0x6e, 0x7e, 0x6e, 0x7e, 0x6e, 0x7e, 0x6e, 0x7e, 0x6e, 0x7e,
	0x6e, 0x7e, 0x6e, 0x7e, 0x6e, 0x7e, 0x6e, 0x7e, 0x6e, 0x7e, 0x6e, 0x7e, 0x6e, 0x7e, 0x6e,
	0x7e, 0x6e, 0x7e, 0x6e, 0x7e, 0x6e, 0x7e, 0x6e, 0x7e, 0x6e, 0x7e, 0x6e, 0x7e, 0x6e, 0x7e,
	0x6e, 0x7e, 0x6e, 0x7e, 0x6e, 0x7e, 0x6e, 0x7e, 0x6e, 0x7e, 0x6e, 0x7e, 0x6e, 0x7e, 0x6e,
	0x7e, 0x6e, 0x7e, 0x6e, 0x7e, 0x6e, 0x7e, 0x6e, 0x7e, 0x6e, 0x7e, 0x6e, 0x9f, 0x76, 0xbf,
	0x76, 0xbc, 0x4d, 0x18, 0x14, 0x36, 0x03, 0x56, 0x03, 0x56, 0x03, 0x36, 0x03, 0x16, 0x03,
	0xf5, 0x02, 0xf5, 0x02, 0xd5, 0x02, 0xb4, 0x0a, 0x94, 0x0a, 0x74, 0x12, 0x74, 0x12, 0x53,
	0x1a, 0x75, 0x22, 0xfb, 0xb5, 0xff, 0xff, 0xff, 0xff, 0xff, 0xff, 0xff, 0xff, 0xff, 0xff,
	0xff, 0xff, 0xff, 0xff, 0xff, 0xff, 0xff, 0xff, 0xff, 0xff, 0xbf, 0x86, 0xdf, 0x76, 0x7e,
	0x6e, 0x7e, 0x6e, 0x7e, 0x6e, 0x7e, 0x6e, 0x7e, 0x6e, 0x7e, 0x6e, 0x7e, 0x6e, 0x7e, 0x6e,
	0x7e, 0x6e, 0x7e, 0x6e, 0x7e, 0x6e, 0x7e, 0x6e, 0x7e, 0x6e, 0x7e, 0x6e, 0x7e, 0x6e, 0x7e,
	0x6e, 0x7e, 0x6e, 0x7e, 0x6e, 0x7e, 0x6e, 0x7e, 0x6e, 0x7e, 0x6e, 0x7e, 0x6e, 0x7e, 0x6e,
	0x9f, 0x76, 0x3c, 0x25, 0x9a, 0x04, 0x7a, 0x04, 0x59, 0x04, 0x39, 0x04, 0x18, 0x04, 0xd8,
	0x03, 0xd7, 0x03, 0xb7, 0x03, 0x56, 0x03, 0x36, 0x03, 0x39, 0x24, 0xfd, 0x5d, 0xbf, 0x76,
	0x9e, 0x6e, 0x7e, 0x6e, 0x7e, 0x6e, 0x7e, 0x6e, 0x7e, 0x6e, 0x7e, 0x6e, 0x7e, 0x6e, 0x7e,
	0x6e, 0x7e, 0x6e, 0x7e, 0x6e, 0x7e, 0x6e, 0x7e, 0x6e, 0x7e, 0x6e, 0x7e, 0x6e, 0x7e, 0x6e,
	0x7e, 0x6e, 0x7e, 0x6e, 0x7e, 0x6e, 0x7e, 0x6e, 0x7e, 0x6e, 0x7e, 0x6e, 0x7e, 0x6e, 0x7e,
	0x6e, 0x7e, 0x6e, 0x7e, 0x6e, 0x7e, 0x6e, 0x7e, 0x6e, 0x7e, 0x6e, 0x7e, 0x6e, 0x7e, 0x6e,
	0x7e, 0x6e, 0x7e, 0x6e, 0x7e, 0x6e, 0x7e, 0x6e, 0x7e, 0x6e, 0x7e, 0x6e, 0x7e, 0x6e, 0x7e,
	0x6e, 0x7e, 0x6e, 0x7e, 0x6e, 0x7e, 0x6e, 0x7e, 0x6e, 0x7e, 0x6e, 0xbf, 0x76, 0x9e, 0x6e,
	0x5b, 0x45, 0x97, 0x0b, 0x15, 0x03, 0x36, 0x03, 0x36, 0x03, 0xf5, 0x02, 0xf5, 0x02, 0xd5,
	0x02, 0xb4, 0x0a, 0x94, 0x0a, 0x74, 0x12, 0x74, 0x12, 0x53, 0x1a, 0x55, 0x22, 0x9a, 0xa5,
	0xff, 0xff, 0xff, 0xff, 0xff, 0xff, 0xff, 0xff, 0xff, 0xff, 0xff, 0xff, 0xff, 0xff, 0xff,
	0xff, 0xff, 0xff, 0xff, 0xff, 0xbf, 0x86, 0xdf, 0x76, 0x7e, 0x6e, 0x7e, 0x6e, 0x7e, 0x6e,
	0x7e, 0x6e, 0x7e, 0x6e, 0x7e, 0x6e, 0x7e, 0x6e, 0x7e, 0x6e, 0x7e, 0x6e, 0x7e, 0x6e, 0x7e,
	0x6e, 0x7e, 0x6e, 0x7e, 0x6e, 0x7e, 0x6e, 0x7e, 0x6e, 0x7e, 0x6e, 0x7e, 0x6e, 0x7e, 0x6e,
	0x7e, 0x6e, 0x7e, 0x6e, 0x7e, 0x6e, 0x7e, 0x6e, 0x7e, 0x6e, 0x9f, 0x76, 0x3c, 0x25, 0x9a,
	0x04, 0x7a, 0x04, 0x59, 0x04, 0x39, 0x04, 0x18, 0x04, 0xd8, 0x03, 0xb7, 0x03, 0x97, 0x03,
	0x97, 0x03, 0x76, 0x03, 0x15, 0x03, 0x16, 0x03, 0x99, 0x34, 0x3e, 0x66, 0xdf, 0x76, 0x7e,
	0x6e, 0x7e, 0x6e, 0x7e, 0x6e, 0x7e, 0x6e, 0x7e, 0x6e, 0x7e, 0x6e, 0x7e, 0x6e, 0x7e, 0x6e,
	0x7e, 0x6e, 0x7e, 0x6e, 0x7e, 0x6e, 0x7e, 0x6e, 0x7e, 0x6e, 0x7e, 0x6e, 0x7e, 0x6e, 0x7e,
	0x6e, 0x7e, 0x6e, 0x7e, 0x6e, 0x7e, 0x6e, 0x7e, 0x6e, 0x7e, 0x6e, 0x7e, 0x6e, 0x7e, 0x6e,
	0x7e, 0x6e, 0x7e, 0x6e, 0x7e, 0x6e, 0x7e, 0x6e, 0x7e, 0x6e, 0x7e, 0x6e, 0x7e, 0x6e, 0x7e,
	0x6e, 0x7e, 0x6e, 0x7e, 0x6e, 0x7e, 0x6e, 0x7e, 0x6e, 0x7e, 0x6e, 0x7e, 0x6e, 0x7e, 0x6e,
	0x7e, 0x6e, 0x7e, 0x6e, 0x7e, 0x6e, 0x7e, 0x6e, 0x7e, 0x6e, 0xbf, 0x76, 0x5e, 0x66, 0xba,
	0x34, 0x36, 0x03, 0xf5, 0x02, 0x15, 0x03, 0xf5, 0x02, 0xd5, 0x02, 0xb4, 0x0a, 0x94, 0x0a,
	0x74, 0x12, 0x74, 0x12, 0x53, 0x1a, 0x55, 0x1a, 0x19, 0x95, 0xff, 0xff, 0xff, 0xff, 0xff,
	0xff, 0xff, 0xff, 0xff, 0xff, 0xff, 0xff, 0xff, 0xff, 0xff, 0xff, 0xff, 0xff, 0xff, 0xff,
	0xbf, 0x86, 0xdf, 0x76, 0x7e, 0x6e, 0x7e, 0x6e, 0x7e, 0x6e, 0x7e, 0x6e, 0x7e, 0x6e, 0x7e,
	0x6e, 0x7e, 0x6e, 0x7e, 0x6e, 0x7e, 0x6e, 0x7e, 0x6e, 0x7e, 0x6e, 0x7e, 0x6e, 0x7e, 0x6e,
	0x7e, 0x6e, 0x7e, 0x6e, 0x7e, 0x6e, 0x7e, 0x6e, 0x7e, 0x6e, 0x7e, 0x6e, 0x7e, 0x6e, 0x7e,
	0x6e, 0x7e, 0x6e, 0x7e, 0x6e, 0x9f, 0x76, 0x3c, 0x25, 0x9a, 0x04, 0x7a, 0x04, 0x59, 0x04,
	0x39, 0x04, 0x18, 0x04, 0xd8, 0x03, 0xb7, 0x03, 0x97, 0x03, 0x77, 0x03, 0x56, 0x03, 0x56,
	0x03, 0x16, 0x03, 0xd5, 0x02, 0x36, 0x0b, 0xfa, 0x44, 0x7e, 0x6e, 0xbf, 0x76, 0x7e, 0x6e,
	0x7e, 0x6e, 0x7e, 0x6e, 0x7e, 0x6e, 0x7e, 0x6e, 0x7e, 0x6e, 0x7e, 0x6e, 0x7e, 0x6e, 0x7e,
	0x6e, 0x7e, 0x6e, 0x7e, 0x6e, 0x7e, 0x6e, 0x7e, 0x6e, 0x7e, 0x6e, 0x7e, 0x6e, 0x7e, 0x6e,
	0x7e, 0x6e, 0x7e, 0x6e, 0x7e, 0x6e, 0x7e, 0x6e, 0x7e, 0x6e, 0x7e, 0x6e, 0x7e, 0x6e, 0x7e,
	0x6e, 0x7e, 0x6e, 0x7e, 0x6e, 0x7e, 0x6e, 0x7e, 0x6e, 0x7e, 0x6e, 0x7e, 0x6e, 0x7e, 0x6e,
	0x7e, 0x6e, 0x7e, 0x6e, 0x7e, 0x6e, 0x7e, 0x6e, 0x7e, 0x6e, 0x7e, 0x6e, 0x7e, 0x6e, 0x7e,
	0x6e, 0x7e, 0x6e, 0x7e, 0x6e, 0x7e, 0x6e, 0x9e, 0x6e, 0xbf, 0x76, 0xfd, 0x5d, 0x38, 0x24,
	0xd5, 0x02, 0xd5, 0x02, 0xf5, 0x02, 0xd5, 0x0a, 0x94, 0x0a, 0x74, 0x12, 0x74, 0x12, 0x53,
	0x1a, 0x55, 0x1a, 0x19, 0x95, 0xff, 0xff, 0xff, 0xff, 0xff, 0xff, 0xff, 0xff, 0xff, 0xff,
	0xff, 0xff, 0xff, 0xff, 0xff, 0xff, 0xff, 0xff, 0xff, 0xff, 0xbf, 0x86, 0xdf, 0x76, 0x7e,
	0x6e, 0x7e, 0x6e, 0x7e, 0x6e, 0x7e, 0x6e, 0x7e, 0x6e, 0x7e, 0x6e, 0x7e, 0x6e, 0x7e, 0x6e,
	0x7e, 0x6e, 0x7e, 0x6e, 0x7e, 0x6e, 0x7e, 0x6e, 0x7e, 0x6e, 0x7e, 0x6e, 0x7e, 0x6e, 0x7e,
	0x6e, 0x7e, 0x6e, 0x7e, 0x6e, 0x7e, 0x6e, 0x7e, 0x6e, 0x7e, 0x6e, 0x7e, 0x6e, 0x7e, 0x6e,
	0x9f, 0x76, 0x3c, 0x25, 0x9a, 0x04, 0x7a, 0x04, 0x59, 0x04, 0x39, 0x04, 0x18, 0x04, 0xd8,
	0x03, 0xb7, 0x03, 0x97, 0x03, 0x77, 0x03, 0x56, 0x03, 0x36, 0x03, 0x16, 0x03, 0x15, 0x03,
	0xd5, 0x02, 0x94, 0x02, 0x56, 0x1b, 0x5b, 0x4d, 0xbf, 0x76, 0xbf, 0x76, 0x7e, 0x6e, 0x7e,
	0x6e, 0x7e, 0x6e, 0x7e, 0x6e, 0x7e, 0x6e, 0x7e, 0x6e, 0x7e, 0x6e, 0x7e, 0x6e, 0x7e, 0x6e,
	0x7e, 0x6e, 0x7e, 0x6e, 0x7e, 0x6e, 0x7e, 0x6e, 0x7e, 0x6e, 0x7e, 0x6e, 0x7e, 0x6e, 0x7e,
	0x6e, 0x7e, 0x6e, 0x7e, 0x6e, 0x7e, 0x6e, 0x7e, 0x6e, 0x7e, 0x6e, 0x7e, 0x6e, 0x7e, 0x6e,
	0x7e, 0x6e, 0x7e, 0x6e, 0x7e, 0x6e, 0x7e, 0x6e, 0x7e, 0x6e, 0x7e, 0x6e, 0x7e, 0x6e, 0x7e,
	0x6e, 0x7e, 0x6e, 0x7e, 0x6e, 0x7e, 0x6e, 0x7e, 0x6e, 0x7e, 0x6e, 0x7e, 0x6e, 0x7e, 0x6e,
	0x7e, 0x6e, 0x7e, 0x6e, 0x7e, 0x6e, 0x9f, 0x76, 0xbf, 0x76, 0x9c, 0x55, 0x97, 0x1b, 0x94,
	0x02, 0xb4, 0x0a, 0xb4, 0x12, 0x74, 0x12, 0x74, 0x12, 0x53, 0x1a, 0x55, 0x1a, 0x19, 0x95,
	0xff, 0xff, 0xff, 0xff, 0xff, 0xff, 0xff, 0xff, 0xff, 0xff, 0xff, 0xff, 0xff, 0xff, 0xff,
	0xff, 0xff, 0xff, 0xff, 0xff, 0xbf, 0x86, 0xdf, 0x76, 0x7e, 0x6e, 0x7e, 0x6e, 0x7e, 0x6e,
	0x7e, 0x6e, 0x7e, 0x6e, 0x7e, 0x6e, 0x7e, 0x6e, 0x7e, 0x6e, 0x7e, 0x6e, 0x7e, 0x6e, 0x7e,
	0x6e, 0x7e, 0x6e, 0x7e, 0x6e, 0x7e, 0x6e, 0x7e, 0x6e, 0x7e, 0x6e, 0x7e, 0x6e, 0x7e, 0x6e,
	0x7e, 0x6e, 0x7e, 0x6e, 0x7e, 0x6e, 0x7e, 0x6e, 0x7e, 0x6e, 0x9f, 0x76, 0x3c, 0x25, 0x9a,
	0x04, 0x7a, 0x04, 0x59, 0x04, 0x39, 0x04, 0x18, 0x04, 0xd8, 0x03, 0xb7, 0x03, 0x97, 0x03,
	0x77, 0x03, 0x56, 0x03, 0x36, 0x03, 0x16, 0x03, 0x15, 0x03, 0xf5, 0x02, 0xd5, 0x0a, 0x94,
	0x02, 0x74, 0x0a, 0x97, 0x2b, 0xbc, 0x5d, 0xdf, 0x76, 0x9f, 0x6e, 0x7e, 0x6e, 0x7e, 0x6e,
	0x7e, 0x6e, 0x7e, 0x6e, 0x7e, 0x6e, 0x7e, 0x6e, 0x7e, 0x6e, 0x7e, 0x6e, 0x7e, 0x6e, 0x7e,
	0x6e, 0x7e, 0x6e, 0x7e, 0x6e, 0x7e, 0x6e, 0x7e, 0x6e, 0x7e, 0x6e, 0x7e, 0x6e, 0x7e, 0x6e,
	0x7e, 0x6e, 0x7e, 0x6e, 0x7e, 0x6e, 0x7e, 0x6e, 0x7e, 0x6e, 0x7e, 0x6e, 0x7e, 0x6e, 0x7e,
	0x6e, 0x7e, 0x6e, 0x7e, 0x6e, 0x7e, 0x6e, 0x7e, 0x6e, 0x7e, 0x6e, 0x7e, 0x6e, 0x7e, 0x6e,
	0x7e, 0x6e, 0x7e, 0x6e, 0x7e, 0x6e, 0x7e, 0x6e, 0x7e, 0x6e, 0x7e, 0x6e, 0x7e, 0x6e, 0x7e,
	0x6e, 0x7e, 0x6e, 0x7e, 0x6e, 0xbf, 0x76, 0x9e, 0x6e, 0x1a, 0x45, 0x15, 0x13, 0x53, 0x02,
	0x74, 0x12, 0x74, 0x12, 0x53, 0x1a, 0x55, 0x1a, 0x19, 0x95, 0xff, 0xff, 0xff, 0xff, 0xff,
	0xff, 0xff, 0xff, 0xff, 0xff, 0xff, 0xff, 0xff, 0xff, 0xff, 0xff, 0xff, 0xff, 0xff, 0xff,
	0xdf, 0x8e, 0xbf, 0x76, 0x7e, 0x6e, 0x7e, 0x6e, 0x7e, 0x6e, 0x7e, 0x6e, 0x7e, 0x6e, 0x7e,
	0x6e, 0x7e, 0x6e, 0x7e, 0x6e, 0x7e, 0x6e, 0x7e, 0x6e, 0x7e, 0x6e, 0x7e, 0x6e, 0x7e, 0x6e,
	0x7e, 0x6e, 0x7e, 0x6e, 0x7e, 0x6e, 0x7e, 0x6e, 0x7e, 0x6e, 0x7e, 0x6e, 0x7e, 0x6e, 0x7e,
	0x6e, 0x7e, 0x6e, 0x7e, 0x6e, 0x9f, 0x76, 0x3c, 0x25, 0x9a, 0x04, 0x7a, 0x04, 0x59, 0x04,
	0x39, 0x04, 0x18, 0x04, 0xd8, 0x03, 0xb7, 0x03, 0x97, 0x03, 0x77, 0x03, 0x56, 0x03, 0x36,
	0x03, 0x16, 0x03, 0x15, 0x03, 0xf5, 0x02, 0xd5, 0x0a, 0xb4, 0x0a, 0xb4, 0x0a, 0x53, 0x0a,
	0x53, 0x12, 0xf8, 0x33, 0x1d, 0x66, 0xdf, 0x76, 0x9e, 0x6e, 0x7e, 0x6e, 0x7e, 0x6e, 0x7e,
	0x6e, 0x7e, 0x6e, 0x7e, 0x6e, 0x7e, 0x6e, 0x7e, 0x6e, 0x7e, 0x6e, 0x7e, 0x6e, 0x7e, 0x6e,
	0x7e, 0x6e, 0x7e, 0x6e, 0x7e, 0x6e, 0x7e, 0x6e, 0x7e, 0x6e, 0x7e, 0x6e, 0x7e, 0x6e, 0x7e,
	0x6e, 0x7e, 0x6e, 0x7e, 0x6e, 0x7e, 0x6e, 0x7e, 0x6e, 0x7e, 0x6e, 0x7e, 0x6e, 0x7e, 0x6e,
	0x7e, 0x6e, 0x7e, 0x6e, 0x7e, 0x6e, 0x7e, 0x6e, 0x7e, 0x6e, 0x7e, 0x6e, 0x7e, 0x6e, 0x7e,
	0x6e, 0x7e, 0x6e, 0x7e, 0x6e, 0x7e, 0x6e, 0x7e, 0x6e, 0x7e, 0x6e, 0x7e, 0x6e, 0x7e, 0x6e,
	0x7e, 0x6e, 0x7e, 0x6e, 0xbf, 0x76, 0x5e, 0x6e, 0x59, 0x3c, 0x94, 0x12, 0x13, 0x0a, 0x74,
	0x1a, 0x75, 0x22, 0x19, 0x95, 0xff, 0xff, 0xff, 0xff, 0xff, 0xff, 0xff, 0xff, 0xff, 0xff,
	0xff, 0xff, 0xff, 0xff, 0xff, 0xff, 0xff, 0xff, 0xff, 0xff, 0xdf, 0x96, 0xbf, 0x6e, 0x7e,
	0x6e, 0x7e, 0x6e, 0x7e, 0x6e, 0x7e, 0x6e, 0x7e, 0x6e, 0x7e, 0x6e, 0x7e, 0x6e, 0x7e, 0x6e,
	0x7e, 0x6e, 0x7e, 0x6e, 0x7e, 0x6e, 0x7e, 0x6e, 0x7e, 0x6e, 0x7e, 0x6e, 0x7e, 0x6e, 0x7e,
	0x6e, 0x7e, 0x6e, 0x7e, 0x6e, 0x7e, 0x6e, 0x7e, 0x6e, 0x7e, 0x6e, 0x7e, 0x6e, 0x7e, 0x6e,
	0x9f, 0x76, 0x3c, 0x25, 0x9a, 0x04, 0x7a, 0x04, 0x59, 0x04, 0x39, 0x04, 0x18, 0x04, 0xd8,
	0x03, 0xb7, 0x03, 0x97, 0x03, 0x77, 0x03, 0x56, 0x03, 0x36, 0x03, 0x16, 0x03, 0x15, 0x03,
	0xf5, 0x02, 0xd5, 0x0a, 0xb4, 0x0a, 0x94, 0x0a, 0x94, 0x12, 0x74, 0x12, 0x13, 0x0a, 0x74,
	0x1a, 0x79, 0x44, 0x7e, 0x6e, 0xdf, 0x76, 0x7e, 0x6e, 0x7e, 0x6e, 0x7e, 0x6e, 0x7e, 0x6e,
	0x7e, 0x6e, 0x7e, 0x6e, 0x7e, 0x6e, 0x7e, 0x6e, 0x7e, 0x6e, 0x7e, 0x6e, 0x7e, 0x6e, 0x7e,
	0x6e, 0x7e, 0x6e, 0x7e, 0x6e, 0x7e, 0x6e, 0x7e, 0x6e, 0x7e, 0x6e, 0x7e, 0x6e, 0x7e, 0x6e,
	0x7e, 0x6e, 0x7e, 0x6e, 0x7e, 0x6e, 0x7e, 0x6e, 0x7e, 0x6e, 0x7e, 0x6e, 0x7e, 0x6e, 0x7e,
	0x6e, 0x7e, 0x6e, 0x7e, 0x6e, 0x7e, 0x6e, 0x7e, 0x6e, 0x7e, 0x6e, 0x7e, 0x6e, 0x7e, 0x6e,
	0x7e, 0x6e, 0x7e, 0x6e, 0x7e, 0x6e, 0x7e, 0x6e, 0x7e, 0x6e, 0x7e, 0x6e, 0x7e, 0x6e, 0x7e,
	0x6e, 0x9e, 0x6e, 0xdf, 0x76, 0xfd, 0x65, 0xb7, 0x33, 0x33, 0x1a, 0x14, 0x1a, 0x5a, 0x9d,
	0xff, 0xff, 0xff, 0xff, 0xff, 0xff, 0xff, 0xff, 0xff, 0xff, 0xff, 0xff, 0xff, 0xff, 0xff,
	0xff, 0xff, 0xff, 0xff, 0xff, 0x7f, 0xcf, 0x1f, 0x7f, 0x9f, 0x6e, 0x7e, 0x6e, 0x7e, 0x6e,
	0x7e, 0x6e, 0x7e, 0x6e, 0x7e, 0x6e, 0x7e, 0x6e, 0x7e, 0x6e, 0x7e, 0x6e, 0x7e, 0x6e, 0x7e,
	0x6e, 0x7e, 0x6e, 0x7e, 0x6e, 0x7e, 0x6e, 0x7e, 0x6e, 0x7e, 0x6e, 0x7e, 0x6e, 0x7e, 0x6e,
	0x7e, 0x6e, 0x7e, 0x6e, 0x7e, 0x6e, 0x7e, 0x6e, 0x7e, 0x6e, 0x9f, 0x76, 0x3c, 0x25, 0x9a,
	0x04, 0x7a, 0x04, 0x59, 0x04, 0x39, 0x04, 0x18, 0x04, 0xd8, 0x03, 0xb7, 0x03, 0x97, 0x03,
	0x77, 0x03, 0x56, 0x03, 0x36, 0x03, 0x16, 0x03, 0x15, 0x03, 0xf5, 0x02, 0xd5, 0x0a, 0xb4,
	0x0a, 0x94, 0x0a, 0x94, 0x12, 0x74, 0x12, 0x74, 0x12, 0x33, 0x1a, 0xd2, 0x09, 0xf6, 0x2a,
	0xfc, 0x7d, 0xff, 0x7e, 0xbf, 0x6e, 0x7e, 0x6e, 0x7e, 0x6e, 0x7e, 0x6e, 0x7e, 0x6e, 0x7e,
	0x6e, 0x7e, 0x6e, 0x7e, 0x6e, 0x7e, 0x6e, 0x7e, 0x6e, 0x7e, 0x6e, 0x7e, 0x6e, 0x7e, 0x6e,
	0x7e, 0x6e, 0x7e, 0x6e, 0x7e, 0x6e, 0x7e, 0x6e, 0x7e, 0x6e, 0x7e, 0x6e, 0x7e, 0x6e, 0x7e,
	0x6e, 0x7e, 0x6e, 0x7e, 0x6e, 0x7e, 0x6e, 0x7e, 0x6e, 0x7e, 0x6e, 0x7e, 0x6e, 0x7e, 0x6e,
	0x7e, 0x6e, 0x7e, 0x6e, 0x7e, 0x6e, 0x7e, 0x6e, 0x7e, 0x6e, 0x7e, 0x6e, 0x7e, 0x6e, 0x7e,
	0x6e, 0x7e, 0x6e, 0x7e, 0x6e, 0x7e, 0x6e, 0x7e, 0x6e, 0x7e, 0x6e, 0x7e, 0x6e, 0x7e, 0x6e,
	0xbf, 0x76, 0xbf, 0x76, 0x5b, 0x55, 0x77, 0x33, 0xdd, 0xd6, 0xff, 0xff, 0xff, 0xff, 0xff,
	0xff, 0xff, 0xff, 0xff, 0xff, 0xff, 0xff, 0xff, 0xff, 0xff, 0xff, 0xff, 0xff, 0xff, 0xff,
	0xff, 0xff, 0x9f, 0xd7, 0xff, 0x8e, 0xff, 0x76, 0x7e, 0x6e, 0x7e, 0x6e, 0x7e, 0x6e, 0x7e,
	0x6e, 0x7e, 0x6e, 0x7e, 0x6e, 0x7e, 0x6e, 0x7e, 0x6e, 0x7e, 0x6e, 0x7e, 0x6e, 0x7e, 0x6e,
	0x7e, 0x6e, 0x7e, 0x6e, 0x7e, 0x6e, 0x7e, 0x6e, 0x7e, 0x6e, 0x7e, 0x6e, 0x7e, 0x6e, 0x7e,
	0x6e, 0x7e, 0x6e, 0x7e, 0x6e, 0x9f, 0x76, 0x3c, 0x25, 0x9a, 0x04, 0x7a, 0x04, 0x59, 0x04,
	0x39, 0x04, 0x18, 0x04, 0xd8, 0x03, 0xb7, 0x03, 0x97, 0x03, 0x77, 0x03, 0x56, 0x03, 0x36,
	0x03, 0x16, 0x03, 0x15, 0x03, 0xf5, 0x02, 0xd5, 0x0a, 0xb4, 0x0a, 0x94, 0x0a, 0x94, 0x12,
	0x74, 0x12, 0x53, 0x12, 0x75, 0x1a, 0x15, 0x3b, 0xbb, 0xad, 0xdf, 0xff, 0xbf, 0xdf, 0x1f,
	0x97, 0xff, 0x76, 0x9f, 0x6e, 0x7e, 0x6e, 0x7e, 0x6e, 0x7e, 0x6e, 0x7e, 0x6e, 0x7e, 0x6e,
	0x7e, 0x6e, 0x7e, 0x6e, 0x7e, 0x6e, 0x7e, 0x6e, 0x7e, 0x6e, 0x7e, 0x6e, 0x7e, 0x6e, 0x7e,
	0x6e, 0x7e, 0x6e, 0x7e, 0x6e, 0x7e, 0x6e, 0x7e, 0x6e, 0x7e, 0x6e, 0x7e, 0x6e, 0x7e, 0x6e,
	0x7e, 0x6e, 0x7e, 0x6e, 0x7e, 0x6e, 0x7e, 0x6e, 0x7e, 0x6e, 0x7e, 0x6e, 0x7e, 0x6e, 0x7e,
	0x6e, 0x7e, 0x6e, 0x7e, 0x6e, 0x7e, 0x6e, 0x7e, 0x6e, 0x7e, 0x6e, 0x7e, 0x6e, 0x7e, 0x6e,
	0x7e, 0x6e, 0x7e, 0x6e, 0x7e, 0x6e, 0x7e, 0x6e, 0x7e, 0x6e, 0x7e, 0x6e, 0x7e, 0x6e, 0x5f,
	0x7f, 0x1f, 0xa7, 0xff, 0xff, 0xff, 0xff, 0xff, 0xff, 0xff, 0xff, 0xff, 0xff, 0xff, 0xff,
	0xff, 0xff, 0xff, 0xff, 0xff, 0xff, 0xff, 0xff, 0xff, 0xff, 0xff, 0xff, 0xff, 0xff, 0xff,
	0xf7, 0x7f, 0xbf, 0xbf, 0x7e, 0xff, 0x76, 0x7e, 0x6e, 0x7e, 0x6e, 0x7e, 0x6e, 0x7e, 0x6e,
	0x7e, 0x6e, 0x7e, 0x6e, 0x7e, 0x6e, 0x7e, 0x6e, 0x7e, 0x6e, 0x7e, 0x6e, 0x7e, 0x6e, 0x7e,
	0x6e, 0x7e, 0x6e, 0x7e, 0x6e, 0x7e, 0x6e, 0x7e, 0x6e, 0x7e, 0x6e, 0x7e, 0x6e, 0x7e, 0x6e,
	0x9e, 0x76, 0x3b, 0x1d, 0x9a, 0x04, 0x7a, 0x04, 0x59, 0x04, 0x39, 0x04, 0x18, 0x04, 0xd8,
	0x03, 0xb7, 0x03, 0x97, 0x03, 0x77, 0x03, 0x56, 0x03, 0x36, 0x03, 0x16, 0x03, 0x15, 0x03,
	0xf5, 0x02, 0xd5, 0x0a, 0xb4, 0x0a, 0xb4, 0x12, 0x94, 0x12, 0x74, 0x12, 0x94, 0x1a, 0x1a,
	0x8d, 0xbf, 0xf7, 0xff, 0xff, 0xff, 0xff, 0xff, 0xff, 0xff, 0xff, 0x9f, 0xcf, 0xdf, 0x86,
	0xff, 0x76, 0x7e, 0x6e, 0x7e, 0x6e, 0x7e, 0x6e, 0x7e, 0x6e, 0x7e, 0x6e, 0x7e, 0x6e, 0x7e,
	0x6e, 0x7e, 0x6e, 0x7e, 0x6e, 0x7e, 0x6e, 0x7e, 0x6e, 0x7e, 0x6e, 0x7e, 0x6e, 0x7e, 0x6e,
	0x7e, 0x6e, 0x7e, 0x6e, 0x7e, 0x6e, 0x7e, 0x6e, 0x7e, 0x6e, 0x7e, 0x6e, 0x7e, 0x6e, 0x7e,
	0x6e, 0x7e, 0x6e, 0x7e, 0x6e, 0x7e, 0x6e, 0x7e, 0x6e, 0x7e, 0x6e, 0x7e, 0x6e, 0x7e, 0x6e,
	0x7e, 0x6e, 0x7e, 0x6e, 0x7e, 0x6e, 0x7e, 0x6e, 0x7e, 0x6e, 0x7e, 0x6e, 0x7e, 0x6e, 0x7e,
	0x6e, 0x7e, 0x6e, 0x7e, 0x6e, 0x9f, 0x6e, 0xff, 0x76, 0x3f, 0xa7, 0xff, 0xff, 0xff, 0xff,
	0xff, 0xff, 0xff, 0xff, 0xff, 0xff, 0xff, 0xff, 0xff, 0xff, 0xff, 0xff, 0xff, 0xff, 0xff,
	0xff, 0xff, 0xff, 0xff, 0xff, 0xff, 0xff, 0xff, 0xff, 0xff, 0xff, 0xff, 0xff, 0xdf, 0xef,
	0x5f, 0xaf, 0xdf, 0x76, 0xbf, 0x6e, 0x7e, 0x6e, 0x7e, 0x6e, 0x7e, 0x6e, 0x7e, 0x6e, 0x7e,
	0x6e, 0x7e, 0x6e, 0x7e, 0x6e, 0x7e, 0x6e, 0x7e, 0x6e, 0x7e, 0x6e, 0x7e, 0x6e, 0x7e, 0x6e,
	0x7e, 0x6e, 0x7e, 0x6e, 0x7e, 0x6e, 0x7e, 0x6e, 0x7e, 0x6e, 0x7e, 0x6e, 0x1b, 0x15, 0x9a,
	0x04, 0x7a, 0x04, 0x59, 0x04, 0x39, 0x04, 0x18, 0x04, 0xd8, 0x03, 0xb7, 0x03, 0x97, 0x03,
	0x77, 0x03, 0x56, 0x03, 0x36, 0x03, 0x16, 0x03, 0x15, 0x03, 0xf5, 0x02, 0xd5, 0x0a, 0xd4,
	0x0a, 0x94, 0x0a, 0xd6, 0x1a, 0x58, 0x64, 0x1e, 0xdf, 0xff, 0xff, 0xff, 0xff, 0xff, 0xff,
	0xff, 0xff, 0xff, 0xff, 0xff, 0xff, 0xff, 0xff, 0xff, 0xff, 0x7f, 0xbf, 0xbf, 0x7e, 0xdf,
	0x76, 0x7e, 0x6e, 0x7e, 0x6e, 0x7e, 0x6e, 0x7e, 0x6e, 0x7e, 0x6e, 0x7e, 0x6e, 0x7e, 0x6e,
	0x7e, 0x6e, 0x7e, 0x6e, 0x7e, 0x6e, 0x7e, 0x6e, 0x7e, 0x6e, 0x7e, 0x6e, 0x7e, 0x6e, 0x7e,
	0x6e, 0x7e, 0x6e, 0x7e, 0x6e, 0x7e, 0x6e, 0x7e, 0x6e, 0x7e, 0x6e, 0x7e, 0x6e, 0x7e, 0x6e,
	0x7e, 0x6e, 0x7e, 0x6e, 0x7e, 0x6e, 0x7e, 0x6e, 0x7e, 0x6e, 0x7e, 0x6e, 0x7e, 0x6e, 0x7e,
	0x6e, 0x7e, 0x6e, 0x7e, 0x6e, 0x7e, 0x6e, 0x7e, 0x6e, 0x7e, 0x6e, 0x7e, 0x6e, 0xff, 0x76,
	0xff, 0x8e, 0x9f, 0xdf, 0xff, 0xff, 0xff, 0xff, 0xff, 0xff, 0xff, 0xff, 0xff, 0xff, 0xff,
	0xff, 0xff, 0xff, 0xff, 0xff, 0xff, 0xff, 0xff, 0xff, 0xff, 0xff, 0xff, 0xff, 0xff, 0xff,
	0xff, 0xff, 0xff, 0xff, 0xff, 0xff, 0xff, 0xff, 0xff, 0xff, 0xff, 0xff, 0xbf, 0xe7, 0x1f,
	0x9f, 0xff, 0x76, 0x9f, 0x6e, 0x7e, 0x6e, 0x7e, 0x6e, 0x7e, 0x6e, 0x7e, 0x6e, 0x7e, 0x6e,
	0x7e, 0x6e, 0x7e, 0x6e, 0x7e, 0x6e, 0x7e, 0x6e, 0x7e, 0x6e, 0x7e, 0x6e, 0x7e, 0x6e, 0x7e,
	0x6e, 0x7e, 0x6e, 0x7e, 0x6e, 0x7e, 0x6e, 0x1b, 0x15, 0x9a, 0x04, 0x7a, 0x04, 0x59, 0x04,
	0x39, 0x04, 0x18, 0x04, 0xd8, 0x03, 0xb7, 0x03, 0x97, 0x03, 0x77, 0x03, 0x56, 0x03, 0x36,
	0x03, 0x16, 0x03, 0x15, 0x03, 0xf5, 0x0a, 0xd5, 0x02, 0xf6, 0x0a, 0x96, 0x33, 0x5c, 0xb6,
	0xff, 0xff, 0xff, 0xff, 0xff, 0xff, 0xff, 0xff, 0xff, 0xff, 0xff, 0xff, 0xff, 0xff, 0xff,
	0xff, 0xff, 0xff, 0xff, 0xff, 0xff, 0xff, 0xdf, 0xef, 0x3f, 0xaf, 0xff, 0x7e, 0xbf, 0x76,
	0x7e, 0x6e, 0x7e, 0x6e, 0x7e, 0x6e, 0x7e, 0x6e, 0x7e, 0x6e, 0x7e, 0x6e, 0x7e, 0x6e, 0x7e,
	0x6e, 0x7e, 0x6e, 0x7e, 0x6e, 0x7e, 0x6e, 0x7e, 0x6e, 0x7e, 0x6e, 0x7e, 0x6e, 0x7e, 0x6e,
	0x7e, 0x6e, 0x7e, 0x6e, 0x7e, 0x6e, 0x7e, 0x6e, 0x7e, 0x6e, 0x7e, 0x6e, 0x7e, 0x6e, 0x7e,
	0x6e, 0x7e, 0x6e, 0x7e, 0x6e, 0x7e, 0x6e, 0x7e, 0x6e, 0x7e, 0x6e, 0x7e, 0x6e, 0x7e, 0x6e,
	0x7e, 0x6e, 0x7e, 0x6e, 0xdf, 0x6e, 0xbf, 0x7e, 0x5f, 0xbf, 0xff, 0xff, 0xff, 0xff, 0xff,
	0xff, 0xff, 0xff, 0xff, 0xff, 0xff, 0xff, 0xff, 0xff, 0xff, 0xff, 0xff, 0xff, 0xff, 0xff,
	0xff, 0xff, 0xff, 0xff, 0xff, 0xff, 0xff, 0xff, 0xff, 0xff, 0xff, 0xff, 0xff, 0xff, 0xff,
	0xff, 0xff, 0xff, 0xff, 0xff, 0xff, 0xff, 0xff, 0xff, 0xff, 0xff, 0x9f, 0xcf, 0xff, 0x8e,
	0xff, 0x76, 0x7e, 0x6e, 0x7e, 0x6e, 0x7e, 0x6e, 0x7e, 0x6e, 0x7e, 0x6e, 0x7e, 0x6e, 0x7e,
	0x6e, 0x7e, 0x6e, 0x7e, 0x6e, 0x7e, 0x6e, 0x7e, 0x6e, 0x7e, 0x6e, 0x7e, 0x6e, 0x7e, 0x6e,
	0x7e, 0x6e, 0x1b, 0x15, 0x9a, 0x04, 0x7a, 0x04, 0x59, 0x04, 0x39, 0x04, 0x18, 0x04, 0xd8,
	0x03, 0xb7, 0x03, 0x97, 0x03, 0x77, 0x03, 0x56, 0x03, 0x36, 0x03, 0x36, 0x03, 0x15, 0x03,
	0x16, 0x03, 0x15, 0x13, 0x9b, 0x8d, 0xbf, 0xf7, 0xff, 0xff, 0xff, 0xff, 0xff, 0xff, 0xff,
	0xff, 0xff, 0xff, 0xff, 0xff, 0xff, 0xff, 0xff, 0xff, 0xff, 0xff, 0xff, 0xff, 0xff, 0xff,
	0xff, 0xff, 0xff, 0xff, 0xff, 0xff, 0xbf, 0xdf, 0x1f, 0x9f, 0xff, 0x76, 0x9f, 0x6e, 0x7e,
	0x6e, 0x7e, 0x6e, 0x7e, 0x6e, 0x7e, 0x6e, 0x7e, 0x6e, 0x7e, 0x6e, 0x7e, 0x6e, 0x7e, 0x6e,
	0x7e, 0x6e, 0x7e, 0x6e, 0x7e, 0x6e, 0x7e, 0x6e, 0x7e, 0x6e, 0x7e, 0x6e, 0x7e, 0x6e, 0x7e,
	0x6e, 0x7e, 0x6e, 0x7e, 0x6e, 0x7e, 0x6e, 0x7e, 0x6e, 0x7e, 0x6e, 0x7e, 0x6e, 0x7e, 0x6e,
	0x7e, 0x6e, 0x7e, 0x6e, 0x7e, 0x6e, 0x7e, 0x6e, 0x7e, 0x6e, 0x9f, 0x6e, 0xff, 0x7e, 0x3f,
	0xa7, 0xdf, 0xef, 0xff, 0xff, 0xff, 0xff, 0xff, 0xff, 0xff, 0xff, 0xff, 0xff, 0xff, 0xff,
	0xff, 0xff, 0xff, 0xff, 0xff, 0xff, 0xff, 0xff, 0xff, 0xff, 0xff, 0xff, 0xff, 0xff, 0xff,
	0xff, 0xff, 0xff, 0xff, 0xff, 0xff, 0xff, 0xff, 0xff, 0xff, 0xff, 0xff, 0xff, 0xff, 0xff,
	0xff, 0xff, 0xff, 0xff, 0xff, 0xff, 0xff, 0xff, 0xff, 0xff, 0x7f, 0xc7, 0xbf, 0x7e, 0xff,
	0x76, 0x7e, 0x6e, 0x7e, 0x6e, 0x7e, 0x6e, 0x7e, 0x6e, 0x7e, 0x6e, 0x7e, 0x6e, 0x7e, 0x6e,
	0x7e, 0x6e, 0x7e, 0x6e, 0x7e, 0x6e, 0x7e, 0x6e, 0x7e, 0x6e, 0x7e, 0x6e, 0x1b, 0x15, 0x9a,
	0x04, 0x7a, 0x04, 0x59, 0x04, 0x39, 0x04, 0x18, 0x04, 0xd8, 0x03, 0xb7, 0x03, 0x97, 0x03,
	0x77, 0x03, 0x76, 0x03, 0x56, 0x03, 0x16, 0x03, 0x77, 0x0b, 0xb9, 0x5c, 0x3e, 0xdf, 0xff,
	0xff, 0xff, 0xff, 0xff, 0xff, 0xff, 0xff, 0xff, 0xff, 0xff, 0xff, 0xff, 0xff, 0xff, 0xff,
	0xff, 0xff, 0xff, 0xff, 0xff, 0xff, 0xff, 0xff, 0xff, 0xff, 0xff, 0xff, 0xff, 0xff, 0xff,
	0xff, 0xff, 0xff, 0xff, 0xff, 0x9f, 0xd7, 0xff, 0x8e, 0xff, 0x76, 0x7e, 0x6e, 0x7e, 0x6e,
	0x7e, 0x6e, 0x7e, 0x6e, 0x7e, 0x6e, 0x7e, 0x6e, 0x7e, 0x6e, 0x7e, 0x6e, 0x7e, 0x6e, 0x7e,
	0x6e, 0x7e, 0x6e, 0x7e, 0x6e, 0x7e, 0x6e, 0x7e, 0x6e, 0x7e, 0x6e, 0x7e, 0x6e, 0x7e, 0x6e,
	0x7e, 0x6e, 0x7e, 0x6e, 0x7e, 0x6e, 0x7e, 0x6e, 0x7e, 0x6e, 0x7e, 0x6e, 0x7e, 0x6e, 0x7e,
	0x6e, 0x7e, 0x6e, 0xff, 0x76, 0xff, 0x8e, 0xbf, 0xdf, 0xff, 0xff, 0xff, 0xff, 0xff, 0xff,
	0xff, 0xff, 0xff, 0xff, 0xff, 0xff, 0xff, 0xff, 0xff, 0xff, 0xff, 0xff, 0xff, 0xff, 0xff,
	0xff, 0xff, 0xff, 0xff, 0xff, 0xff, 0xff, 0xff, 0xff, 0xff, 0xff, 0xff, 0xff, 0xff, 0xff,
	0xff, 0xff, 0xff, 0xff, 0xff, 0xff, 0xff, 0xff, 0xff, 0xff, 0xff, 0xff, 0xff, 0xff, 0xff,
	0xff, 0xff, 0xff, 0xff, 0xff, 0xff, 0xff, 0xdf, 0xef, 0x5f, 0xaf, 0xbf, 0x76, 0xbf, 0x76,
	0x7e, 0x6e, 0x7e, 0x6e, 0x7e, 0x6e, 0x7e, 0x6e, 0x7e, 0x6e, 0x7e, 0x6e, 0x7e, 0x6e, 0x7e,
	0x6e, 0x7e, 0x6e, 0x7e, 0x6e, 0x7e, 0x6e, 0x1b, 0x15, 0x9a, 0x04, 0x7a, 0x04, 0x59, 0x04,
	0x39, 0x04, 0x18, 0x04, 0xd8, 0x03, 0xb7, 0x03, 0x97, 0x03, 0x77, 0x03, 0x56, 0x03, 0x77,
	0x03, 0x18, 0x34, 0xbd, 0xbe, 0xff, 0xff, 0xff, 0xff, 0xff, 0xff, 0xff, 0xff, 0xff, 0xff,
	0xff, 0xff, 0xff, 0xff, 0xff, 0xff, 0xff, 0xff, 0xff, 0xff, 0xff, 0xff, 0xff, 0xff, 0xff,
	0xff, 0xff, 0xff, 0xff, 0xff, 0xff, 0xff, 0xff, 0xff, 0xff, 0xff, 0xff, 0xff, 0xff, 0xff,
	0xff, 0xff, 0xff, 0xff, 0x7f, 0xc7, 0xdf, 0x7e, 0xff, 0x76, 0x7e, 0x6e, 0x9e, 0x6e, 0x7e,
	0x6e, 0x7e, 0x6e, 0x7e, 0x6e, 0x7e, 0x6e, 0x7e, 0x6e, 0x7e, 0x6e, 0x7e, 0x6e, 0x7e, 0x6e,
	0x7e, 0x6e, 0x7e, 0x6e, 0x7e, 0x6e, 0x7e, 0x6e, 0x7e, 0x6e, 0x7e, 0x6e, 0x7e, 0x6e, 0x7e,
	0x6e, 0x7e, 0x6e, 0x7e, 0x6e, 0x7e, 0x6e, 0x7e, 0x6e, 0xdf, 0x76, 0xdf, 0x7e, 0x7f, 0xc7,
	0xff, 0xff, 0xff, 0xff, 0xff, 0xff, 0xff, 0xff, 0xff, 0xff, 0xff, 0xff, 0xff, 0xff, 0xff,
	0xff, 0xff, 0xff, 0xff, 0xff, 0xff, 0xff, 0xff, 0xff, 0xff, 0xff, 0xff, 0xff, 0xff, 0xff,
	0xff, 0xff, 0xff, 0xff, 0xff, 0xff, 0xff, 0xff, 0xff, 0xff, 0xff, 0xff, 0xff, 0xff, 0xff,
	0xff, 0xff, 0xff, 0xff, 0xff, 0xff, 0xff, 0xff, 0xff, 0xff, 0xff, 0xff, 0xff, 0xff, 0xff,
	0xff, 0xff, 0xff, 0xff, 0xff, 0xff, 0xbf, 0xe7, 0x1f, 0x9f, 0xdf, 0x76, 0x9f, 0x6e, 0x7e,
	0x6e, 0x7e, 0x6e, 0x7e, 0x6e, 0x7e, 0x6e, 0x7e, 0x6e, 0x7e, 0x6e, 0x7e, 0x6e, 0x7e, 0x6e,
	0x7e, 0x6e, 0x1b, 0x15, 0x9a, 0x04, 0x7a, 0x04, 0x59, 0x04, 0x39, 0x04, 0x18, 0x04, 0xd8,
	0x03, 0xd7, 0x03, 0x97, 0x03, 0x97, 0x03, 0xf8, 0x1b, 0xfc, 0x95, 0xff, 0xff, 0xff, 0xff,
	0xff, 0xff, 0xff, 0xff, 0xff, 0xff, 0xff, 0xff, 0xff, 0xff, 0xff, 0xff, 0xff, 0xff, 0xff,
	0xff, 0xff, 0xff, 0xff, 0xff, 0xff, 0xff, 0xff, 0xff, 0xff, 0xff, 0xff, 0xff, 0xff, 0xff,
	0xff, 0xff, 0xff, 0xff, 0xff, 0xff, 0xff, 0xff, 0xff, 0xff, 0xff, 0xff, 0xff, 0xff, 0xff,
	0xff, 0xdf, 0xf7, 0x5f, 0xb7, 0xdf, 0x7e, 0xdf, 0x76, 0x7e, 0x6e, 0x7e, 0x6e, 0x7e, 0x6e,
	0x7e, 0x6e, 0x7e, 0x6e, 0x7e, 0x6e, 0x7e, 0x6e, 0x7e, 0x6e, 0x7e, 0x6e, 0x7e, 0x6e, 0x7e,
	0x6e, 0x7e, 0x6e, 0x7e, 0x6e, 0x7e, 0x6e, 0x7e, 0x6e, 0x7e, 0x6e, 0x7e, 0x6e, 0x7e, 0x6e,
	0xbf, 0x6e, 0xdf, 0x76, 0x3f, 0xa7, 0xdf, 0xf7, 0xff, 0xff, 0xff, 0xff, 0xff, 0xff, 0xff,
	0xff, 0xff, 0xff, 0xff, 0xff, 0xff, 0xff, 0xff, 0xff, 0xff, 0xff, 0xff, 0xff, 0xff, 0xff,
	0xff, 0xff, 0xff, 0xff, 0xff, 0xff, 0xff, 0xff, 0xff, 0xff, 0xff, 0xff, 0xff, 0xff, 0xff,
	0xff, 0xff, 0xff, 0xff, 0xff, 0xff, 0xff, 0xff, 0xff, 0xff, 0xff, 0xff, 0xff, 0xff, 0xff,
	0xff, 0xff, 0xff, 0xff, 0xff, 0xff, 0xff, 0xff, 0xff, 0xff, 0xff, 0xff, 0xff, 0xff, 0xff,
	0xff, 0xff, 0xff, 0xff, 0xff, 0x9f, 0xd7, 0xff, 0x8e, 0xff, 0x76, 0x7e, 0x6e, 0x7e, 0x6e,
	0x7e, 0x6e, 0x7e, 0x6e, 0x7e, 0x6e, 0x7e, 0x6e, 0x7e, 0x6e, 0x7e, 0x6e, 0x1b, 0x15, 0x9a,
	0x04, 0x7a, 0x04, 0x59, 0x04, 0x39, 0x04, 0x18, 0x04, 0xd8, 0x03, 0xb8, 0x03, 0x19, 0x0c,
	0x5a, 0x65, 0x7e, 0xe7, 0xff, 0xff, 0xff, 0xff, 0xff, 0xff, 0xff, 0xff, 0xff, 0xff, 0xff,
	0xff, 0xff, 0xff, 0xff, 0xff, 0xff, 0xff, 0xff, 0xff, 0xff, 0xff, 0xff, 0xff, 0xff, 0xff,
	0xff, 0xff, 0xff, 0xff, 0xff, 0xff, 0xff, 0xff, 0xff, 0xff, 0xff, 0xff, 0xff, 0xff, 0xff,
	0xff, 0xff, 0xff, 0xff, 0xff, 0xff, 0xff, 0xff, 0xff, 0xff, 0xff, 0xff, 0xff, 0xff, 0xff,
	0xbf, 0xe7, 0x1f, 0x9f, 0xff, 0x76, 0xbf, 0x6e, 0x7e, 0x6e, 0x7e, 0x6e, 0x7e, 0x6e, 0x7e,
	0x6e, 0x7e, 0x6e, 0x7e, 0x6e, 0x7e, 0x6e, 0x7e, 0x6e, 0x7e, 0x6e, 0x7e, 0x6e, 0x7e, 0x6e,
	0x7e, 0x6e, 0x7e, 0x6e, 0x7e, 0x6e, 0x9f, 0x6e, 0xdf, 0x76, 0x1f, 0x97, 0xbf, 0xdf, 0xff,
	0xff, 0xff, 0xff, 0xff, 0xff, 0xff, 0xff, 0xff, 0xff, 0xff, 0xff, 0xff, 0xff, 0xff, 0xff,
	0xff, 0xff, 0xff, 0xff, 0xff, 0xff, 0xff, 0xff, 0xff, 0xff, 0xff, 0xff, 0xff, 0xff, 0xff,
	0xff, 0xff, 0xff, 0xff, 0xff, 0xff, 0xff, 0xff, 0xff, 0xff, 0xff, 0xff, 0xff, 0xff, 0xff,
	0xff, 0xff, 0xff, 0xff, 0xff, 0xff, 0xff, 0xff, 0xff, 0xff, 0xff, 0xff, 0xff, 0xff, 0xff,
	0xff, 0xff, 0xff, 0xff, 0xff, 0xff, 0xff, 0xff, 0xff, 0xff, 0xff, 0xff, 0xff, 0xff, 0xff,
	0xff, 0xff, 0xff, 0xff, 0x7f, 0xc7, 0xdf, 0x7e, 0xff, 0x76, 0x7e, 0x6e, 0x7e, 0x6e, 0x7e,
	0x6e, 0x7e, 0x6e, 0x7e, 0x6e, 0x7e, 0x6e, 0x1b, 0x15, 0x9a, 0x04, 0x7a, 0x04, 0x59, 0x04,
	0x39, 0x04, 0xf8, 0x03, 0x3a, 0x04, 0xba, 0x3c, 0xfe, 0xc6, 0xff, 0xff, 0xff, 0xff, 0xff,
	0xff, 0xff, 0xff, 0xff, 0xff, 0xff, 0xff, 0xff, 0xff, 0xff, 0xff, 0xff, 0xff, 0xff, 0xff,
	0xff, 0xff, 0xff, 0xff, 0xff, 0xff, 0xff, 0xff, 0xff, 0xff, 0xff, 0xff, 0xff, 0xff, 0xff,
	0xff, 0xff, 0xff, 0xff, 0xff, 0xff, 0xff, 0xff, 0xff, 0xff, 0xff, 0xff, 0xff, 0xff, 0xff,
	0xff, 0xff, 0xff, 0xff, 0xff, 0xff, 0xff, 0xff, 0xff, 0xff, 0xff, 0xff, 0xff, 0xff, 0xbf,
	0xdf, 0xff, 0x8e, 0xff, 0x76, 0x9f, 0x6e, 0x7e, 0x6e, 0x7e, 0x6e, 0x7e, 0x6e, 0x7e, 0x6e,
	0x7e, 0x6e, 0x7e, 0x6e, 0x7e, 0x6e, 0x7e, 0x6e, 0x7e, 0x6e, 0x7e, 0x6e, 0x7e, 0x6e, 0xdf,
	0x76, 0xff, 0x86, 0x7f, 0xc7, 0xff, 0xff, 0xff, 0xff, 0xff, 0xff, 0xff, 0xff, 0xff, 0xff,
	0xff, 0xff, 0xff, 0xff, 0xff, 0xff, 0xff, 0xff, 0xff, 0xff, 0xff, 0xff, 0xff, 0xff, 0xff,
	0xff, 0xff, 0xff, 0xff, 0xff, 0xff, 0xff, 0xff, 0xff, 0xff, 0xff, 0xff, 0xff, 0xff, 0xff,
	0xff, 0xff, 0xff, 0xff, 0xff, 0xff, 0xff, 0xff, 0xff, 0xff, 0xff, 0xff, 0xff, 0xff, 0xff,
	0xff, 0xff, 0xff, 0xff, 0xff, 0xff, 0xff, 0xff, 0xff, 0xff, 0xff, 0xff, 0xff, 0xff, 0xff,
	0xff, 0xff, 0xff, 0xff, 0xff, 0xff, 0xff, 0xff, 0xff, 0xff, 0xff, 0xff, 0xff, 0xff, 0xff,
	0xff, 0xdf, 0xf7, 0x5f, 0xb7, 0x9f, 0x76, 0xdf, 0x76, 0x7e, 0x6e, 0x7e, 0x6e, 0x7e, 0x6e,
	0x7e, 0x6e, 0x1b, 0x15, 0x9a, 0x04, 0x7a, 0x04, 0x59, 0x04, 0x5a, 0x04, 0x9a, 0x1c, 0x5d,
	0x96, 0xff, 0xff, 0xff, 0xff, 0xff, 0xff, 0xff, 0xff, 0xff, 0xff, 0xff, 0xff, 0xff, 0xff,
	0xff, 0xff, 0xff, 0xff, 0xff, 0xff, 0xff, 0xff, 0xff, 0xff, 0xff, 0xff, 0xff, 0xff, 0xff,
	0xff, 0xff, 0xff, 0xff, 0xff, 0xff, 0xff, 0xff, 0xff, 0xff, 0xff, 0xff, 0xff, 0xff, 0xff,
	0xff, 0xff, 0xff, 0xff, 0xff, 0xff, 0xff, 0xff, 0xff, 0xff, 0xff, 0xff, 0xff, 0xff, 0xff,
	0xff, 0xff, 0xff, 0xff, 0xff, 0xff, 0xff, 0xff, 0xff, 0xff, 0xff, 0xff, 0xff, 0x9f, 0xcf,
	0xdf, 0x86, 0xff, 0x76, 0x7e, 0x6e, 0x7e, 0x6e, 0x7e, 0x6e, 0x7e, 0x6e, 0x7e, 0x6e, 0x7e,
	0x6e, 0x7e, 0x6e, 0x7e, 0x6e, 0xbf, 0x76, 0xdf, 0x76, 0x1f, 0xa7, 0xdf, 0xf7, 0xff, 0xff,
	0xff, 0xff, 0xff, 0xff, 0xff, 0xff, 0xff, 0xff, 0xff, 0xff, 0xff, 0xff, 0xff, 0xff, 0xff,
	0xff, 0xff, 0xff, 0xff, 0xff, 0xff, 0xff, 0xff, 0xff, 0xff, 0xff, 0xff, 0xff, 0xff, 0xff,
	0xff, 0xff, 0xff, 0xff, 0xff, 0xff, 0xff, 0xff, 0xff, 0xff, 0xff, 0xff, 0xff, 0xff, 0xff,
	0xff, 0xff, 0xff, 0xff, 0xff, 0xff, 0xff, 0xff, 0xff, 0xff, 0xff, 0xff, 0xff, 0xff, 0xff,
	0xff, 0xff, 0xff, 0xff, 0xff, 0xff, 0xff, 0xff, 0xff, 0xff, 0xff, 0xff, 0xff, 0xff, 0xff,
	0xff, 0xff, 0xff, 0xff, 0xff, 0xff, 0xff, 0xff, 0xff, 0xff, 0xff, 0xff, 0xff, 0xff, 0xff,
	0xbf, 0xe7, 0x3f, 0xa7, 0xdf, 0x76, 0x9f, 0x6e, 0x7e, 0x6e, 0x9e, 0x6e, 0x1b, 0x15, 0x9a,
	0x04, 0x7a, 0x04, 0xbb, 0x0c, 0xfc, 0x6d, 0xbf, 0xef, 0xff, 0xff, 0xff, 0xff, 0xff, 0xff,
	0xff, 0xff, 0xff, 0xff, 0xff, 0xff, 0xff, 0xff, 0xff, 0xff, 0xff, 0xff, 0xff, 0xff, 0xff,
	0xff, 0xff, 0xff, 0xff, 0xff, 0xff, 0xff, 0xff, 0xff, 0xff, 0xff, 0xff, 0xff, 0xff, 0xff,
	0xff, 0xff, 0xff, 0xff, 0xff, 0xff, 0xff, 0xff, 0xff, 0xff, 0xff, 0xff, 0xff, 0xff, 0xff,
	0xff, 0xff, 0xff, 0xff, 0xff, 0xff, 0xff, 0xff, 0xff, 0xff, 0xff, 0xff, 0xff, 0xff, 0xff,
	0xff, 0xff, 0xff, 0xff, 0xff, 0xff, 0xff, 0xff, 0xff, 0xff, 0xdf, 0xf7, 0x5f, 0xb7, 0xdf,
	0x7e, 0xdf, 0x76, 0x7e, 0x6e, 0x7e, 0x6e, 0x9e, 0x6e, 0x7e, 0x6e, 0x9f, 0x6e, 0xdf, 0x76,
	0x3f, 0x9f, 0xbf, 0xdf, 0xff, 0xff, 0xff, 0xff, 0xff, 0xff, 0xff, 0xff, 0xff, 0xff, 0xff,
	0xff, 0xff, 0xff, 0xff, 0xff, 0xff, 0xff, 0xff, 0xff, 0xff, 0xff, 0xff, 0xff, 0xff, 0xff,
	0xff, 0xff, 0xff, 0xff, 0xff, 0xff, 0xff, 0xff, 0xff, 0xff, 0xff, 0xff, 0xff, 0xff, 0xff,
	0xff, 0xff, 0xff, 0xff, 0xff, 0xff, 0xff, 0xff, 0xff, 0xff, 0xff, 0xff, 0xff, 0xff, 0xff,
	0xff, 0xff, 0xff, 0xff, 0xff, 0xff, 0xff, 0xff, 0xff, 0xff, 0xff, 0xff, 0xff, 0xff, 0xff,
	0xff, 0xff, 0xff, 0xff, 0xff, 0xff, 0xff, 0xff, 0xff, 0xff, 0xff, 0xff, 0xff, 0xff, 0xff,
	0xff, 0xff, 0xff, 0xff, 0xff, 0xff, 0xff, 0xff, 0xff, 0xff, 0xff, 0xff, 0xff, 0xff, 0x9f,
	0xdf, 0xff, 0x96, 0xff, 0x76, 0xdf, 0x76, 0x3c, 0x15, 0xdc, 0x04, 0x7c, 0x45, 0x3e, 0xcf,
	0xff, 0xff, 0xff, 0xff, 0xff, 0xff, 0xff, 0xff, 0xff, 0xff, 0xff, 0xff, 0xff, 0xff, 0xff,
	0xff, 0xff, 0xff, 0xff, 0xff, 0xff, 0xff, 0xff, 0xff, 0xff, 0xff, 0xff, 0xff, 0xff, 0xff,
	0xff, 0xff, 0xff, 0xff, 0xff, 0xff, 0xff, 0xff, 0xff, 0xff, 0xff, 0xff, 0xff, 0xff, 0xff,
	0xff, 0xff, 0xff, 0xff, 0xff, 0xff, 0xff, 0xff, 0xff, 0xff, 0xff, 0xff, 0xff, 0xff, 0xff,
	0xff, 0xff, 0xff, 0xff, 0xff, 0xff, 0xff, 0xff, 0xff, 0xff, 0xff, 0xff, 0xff, 0xff, 0xff,
	0xff, 0xff, 0xff, 0xff, 0xff, 0xff, 0xff, 0xff, 0xff, 0xdf, 0xef, 0x3f, 0xa7, 0xff, 0x7e,
	0xff, 0x76, 0xdf, 0x76, 0x1f, 0x77, 0xdf, 0x86, 0x7f, 0xcf, 0xff, 0xff, 0xff, 0xff, 0xff,
	0xff, 0xff, 0xff, 0xff, 0xff, 0xff, 0xff, 0xff, 0xff, 0xff, 0xff, 0xff, 0xff, 0xff, 0xff,
	0xff, 0xff, 0xff, 0xff, 0xff, 0xff, 0xff, 0xff, 0xff, 0xff, 0xff, 0xff, 0xff, 0xff, 0xff,
	0xff, 0xff, 0xff, 0xff, 0xff, 0xff, 0xff, 0xff, 0xff, 0xff, 0xff, 0xff, 0xff, 0xff, 0xff,
	0xff, 0xff, 0xff, 0xff, 0xff, 0xff, 0xff, 0xff, 0xff, 0xff, 0xff, 0xff, 0xff, 0xff, 0xff,
	0xff, 0xff, 0xff, 0xff, 0xff, 0xff, 0xff, 0xff, 0xff, 0xff, 0xff, 0xff, 0xff, 0xff, 0xff,
	0xff, 0xff, 0xff, 0xff, 0xff, 0xff, 0xff, 0xff, 0xff, 0xff, 0xff, 0xff, 0xff, 0xff, 0xff,
	0xff, 0xff, 0xff, 0xff, 0xff, 0xff, 0xff, 0xff, 0xff, 0xff, 0xff, 0xff, 0xff, 0xbf, 0xd7,
	0x1f, 0x9f, 0xfd, 0x5d, 0xde, 0xa6, 0xff, 0xff, 0xff, 0xff, 0xff, 0xff, 0xff, 0xff, 0xff,
	0xff, 0xff, 0xff, 0xff, 0xff, 0xff, 0xff, 0xff, 0xff, 0xff, 0xff, 0xff, 0xff, 0xff, 0xff,
	0xff, 0xff, 0xff, 0xff, 0xff, 0xff, 0xff, 0xff, 0xff, 0xff, 0xff, 0xff, 0xff, 0xff, 0xff,
	0xff, 0xff, 0xff, 0xff, 0xff, 0xff, 0xff, 0xff, 0xff, 0xff, 0xff, 0xff, 0xff, 0xff, 0xff,
	0xff, 0xff, 0xff, 0xff, 0xff, 0xff, 0xff, 0xff, 0xff, 0xff, 0xff, 0xff, 0xff, 0xff, 0xff,
	0xff, 0xff, 0xff, 0xff, 0xff, 0xff, 0xff, 0xff, 0xff, 0xff, 0xff, 0xff, 0xff, 0xff, 0xff,
	0xff, 0xff, 0xff, 0xff, 0xff, 0xff, 0xff, 0xff, 0xbf, 0xdf, 0x5f, 0xaf, 0x3f, 0x9f, 0x7f,
	0xc7, 0xdf, 0xf7, 0xff, 0xff, 0xff, 0xff, 0xff, 0xff, 0xff, 0xff, 0xff, 0xff, 0xff, 0xff,
	0xff, 0xff, 0xff, 0xff, 0xff, 0xff, 0xff, 0xff, 0xff, 0xff, 0xff, 0xff, 0xff, 0xff, 0xff,
	0xff, 0xff, 0xff, 0xff, 0xff, 0xff, 0xff, 0xff, 0xff, 0xff, 0xff, 0xff, 0xff, 0xff, 0xff,
	0xff, 0xff, 0xff, 0xff, 0xff, 0xff, 0xff, 0xff, 0xff, 0xff, 0xff, 0xff, 0xff, 0xff, 0xff,
	0xff, 0xff, 0xff, 0xff, 0xff, 0xff, 0xff, 0xff, 0xff, 0xff, 0xff, 0xff, 0xff, 0xff, 0xff,
	0xff, 0xff, 0xff, 0xff, 0xff, 0xff, 0xff, 0xff, 0xff, 0xff, 0xff, 0xff, 0xff, 0xff, 0xff,
	0xff, 0xff, 0xff, 0xff, 0xff, 0xff, 0xff, 0xff, 0xff, 0xff, 0xff, 0xff, 0xff, 0xff, 0xff,
	0xff, 0xff, 0xff, 0xff, 0xff, 0xff, 0xff, 0xff, 0xff, 0xff, 0xff, 0xff, 0xff, 0xff, 0xff,
	0xff, 0xff, 0xff, 0xff, 0xff, 0xff, 0xff, 0xff, 0xff, 0xff, 0xff, 0xff, 0xff, 0xff, 0xff,
	0xff, 0xff, 0xff, 0xff, 0xff, 0xff, 0xff, 0xff, 0xff, 0xff, 0xff, 0xff, 0xff, 0xff, 0xff,
	0xff, 0xff, 0xff, 0xff, 0xff, 0xff, 0xff, 0xff, 0xff, 0xff, 0xff, 0xff, 0xff, 0xff, 0xff,
	0xff, 0xff, 0xff, 0xff, 0xff, 0xff, 0xff, 0xff, 0xff, 0xff, 0xff, 0xff, 0xff, 0xff, 0xff,
	0xff, 0xff, 0xff, 0xff, 0xff, 0xff, 0xff, 0xff, 0xff, 0xff, 0xff, 0xff, 0xff, 0xff, 0xff,
	0xff, 0xff, 0xff, 0xff, 0xff, 0xff, 0xff, 0xff, 0xff, 0xff, 0xff, 0xff, 0xff, 0xff, 0xff,
	0xff, 0xff, 0xff, 0xff, 0xff, 0xff, 0xff, 0xff, 0xff, 0xff, 0xff, 0xff, 0xff, 0xff, 0xff,
	0xff, 0xff, 0xff, 0xff, 0xff, 0xff, 0xff, 0xff, 0xff, 0xff, 0xff, 0xff, 0xff, 0xff, 0xff,
	0xff, 0xff, 0xff, 0xff, 0xff, 0xff, 0xff, 0xff, 0xff, 0xff, 0xff, 0xff, 0xff, 0xff, 0xff,
	0xff, 0xff, 0xff, 0xff, 0xff, 0xff, 0xff, 0xff, 0xff, 0xff, 0xff, 0xff, 0xff, 0xff, 0xff,
	0xff, 0xff, 0xff, 0xff, 0xff, 0xff, 0xff, 0xff, 0xff, 0xff, 0xff, 0xff, 0xff, 0xff, 0xff,
	0xff, 0xff, 0xff, 0xff, 0xff, 0xff, 0xff, 0xff, 0xff, 0xff, 0xff, 0xff, 0xff, 0xff, 0xff,
	0xff, 0xff, 0xff, 0xff, 0xff, 0xff, 0xff, 0xff, 0xff, 0xff, 0xff, 0xff, 0xff, 0xff, 0xff,
	0xff, 0xff, 0xff, 0xff, 0xff, 0xff, 0xff, 0xff, 0xff, 0xff, 0xff, 0xff, 0xff, 0xff, 0xff,
	0xff, 0xff, 0xff, 0xff, 0xff, 0xff, 0xff, 0xff, 0xff, 0xff, 0xff, 0xff, 0xff, 0xff, 0xff,
	0xff, 0xff, 0xff, 0xff, 0xff, 0xff, 0xff, 0xff, 0xff, 0xff, 0xff, 0xff, 0xff, 0xff, 0xff,
	0xff, 0xff, 0xff, 0xff, 0xff, 0xff, 0xff, 0xff, 0xff, 0xff, 0xff, 0xff, 0xff, 0xff, 0xff,
	0xff, 0xff, 0xff, 0xff, 0xff, 0xff, 0xff, 0xff, 0xff, 0xff, 0xff, 0xff, 0xff, 0xff, 0xff,
	0xff, 0xff, 0xff, 0xff, 0xff, 0xff, 0xff, 0xff, 0xff, 0xff, 0xff, 0xff, 0xff, 0xff, 0xff,
	0xff, 0xff, 0xff, 0xff, 0xff, 0xff, 0xff, 0xff, 0xff, 0xff, 0xff, 0xff, 0xff, 0xff, 0xff,
	0xff, 0xff, 0xff, 0xff, 0xff, 0xff, 0xff, 0xff, 0xff, 0xff, 0xff, 0xff, 0xff, 0xff, 0xff,
	0xff, 0xff, 0xff, 0xff, 0xff, 0xff, 0xff, 0xff, 0xff, 0xff, 0xff, 0xff, 0xff, 0xff, 0xff,
	0xff, 0xff, 0xff, 0xff, 0xff, 0xff, 0xff, 0xff, 0xff, 0xff, 0xff, 0xff, 0xff, 0xff, 0xff,
	0xff, 0xff, 0xff, 0xff, 0xff, 0xff, 0xff, 0xff, 0xff, 0xff, 0xff, 0xff, 0xff, 0xff, 0xff,
	0xff, 0xff, 0xff, 0xff, 0xff, 0xff, 0xff, 0xff, 0xff, 0xff, 0xff, 0xff, 0xff, 0xff, 0xff,
	0xff, 0xff, 0xff, 0xff, 0xff, 0xff, 0xff, 0xff, 0xff, 0xff, 0xff, 0xff, 0xff, 0xff, 0xff,
	0xff, 0xff, 0xff, 0xff, 0xff, 0xff, 0xff, 0xff, 0xff, 0xff, 0xff, 0xff, 0xff, 0xff, 0xff,
	0xff, 0xff, 0xff, 0xff, 0xff, 0xff, 0xff, 0xff, 0xff, 0xff, 0xff, 0xff, 0xff, 0xff, 0xff,
	0xff, 0xff, 0xff, 0xff, 0xff, 0xff, 0xff, 0xff, 0xff, 0xff, 0xff, 0xff, 0xff, 0xff, 0xff,
	0xff, 0xff, 0xff, 0xff, 0xff, 0xff, 0xff, 0xff, 0xff, 0xff, 0xff, 0xff, 0xff, 0xff, 0xff,
	0xff, 0xff, 0xff, 0xff, 0xff, 0xff, 0xff, 0xff, 0xff, 0xff, 0xff, 0xff, 0xff, 0xff, 0xff,
	0xff, 0xff, 0xff, 0xff, 0xff, 0xff, 0xff, 0xff, 0xff, 0xff, 0xff, 0xff, 0xff, 0xff, 0xff,
	0xff, 0xff, 0xff, 0xff, 0xff, 0xff, 0xff, 0xff, 0xff, 0xff, 0xff, 0xff, 0xff, 0xff, 0xff,
	0xff, 0xff, 0xff, 0xff, 0xff, 0xff, 0xff, 0xff, 0xff, 0xff, 0xff, 0xff, 0xff, 0xff, 0xff,
	0xff, 0xff, 0xff, 0xff, 0xff, 0xff, 0xff, 0xff, 0xff, 0xff, 0xff, 0xff, 0xff, 0xff, 0xff,
	0xff, 0xff, 0xff, 0xff, 0xff, 0xff, 0xff, 0xff, 0xff, 0xff, 0xff, 0xff, 0xff, 0xff, 0xff,
	0xff, 0xff, 0xff, 0xff, 0xff, 0xff, 0xff, 0xff, 0xff, 0xff, 0xff, 0xff, 0xff, 0xff, 0xff,
	0xff, 0xff, 0xff, 0xff, 0xff, 0xff, 0xff, 0xff, 0xff, 0xff, 0xff, 0xff, 0xff, 0xff, 0xff,
	0xff, 0xff, 0xff, 0xff, 0xff, 0xff, 0xff, 0xff, 0xff, 0xff, 0xff, 0xff, 0xff, 0xff, 0xff,
	0xff, 0xff, 0xff, 0xff, 0xff, 0xff, 0xff, 0xff, 0xff, 0xff, 0xff, 0xff, 0xff, 0xff, 0xff,
	0xff, 0xff, 0xff, 0xff, 0xff, 0xff, 0xff, 0xff, 0xff, 0xff, 0xff, 0xff, 0xff, 0xff, 0xff,
	0xff, 0xff, 0xff, 0xff, 0xff, 0xff, 0xff, 0xff, 0xff, 0xff, 0xff, 0xff, 0xff, 0xff, 0xff,
	0xff, 0xff, 0xff, 0xff, 0xff, 0xff, 0xff, 0xff, 0xff, 0xff, 0xff, 0xff, 0xff, 0xff, 0xff,
	0xff, 0xff, 0xff, 0xff, 0xff, 0xff, 0xff, 0xff, 0xff, 0xff, 0xff, 0xff, 0xff, 0xff, 0xff,
	0xff, 0xff, 0xff, 0xff, 0xff, 0xff, 0xff, 0xff, 0xff, 0xff, 0xff, 0xff, 0xff, 0xff, 0xff,
	0xff, 0xff, 0xff, 0xff, 0xff, 0xff, 0xff, 0xff, 0xff, 0xff, 0xff, 0xff, 0xff, 0xff, 0xff,
	0xff, 0xff, 0xff, 0xff, 0xff, 0xff, 0xff, 0xff, 0xff, 0xff, 0xff, 0xff, 0xff, 0xff, 0xff,
	0xff, 0xff, 0xff, 0xff, 0xff, 0xff, 0xff, 0xff, 0xff, 0xff, 0xff, 0xff, 0xff, 0xff, 0xff,
	0xff, 0xff, 0xff, 0xff, 0xff, 0xff, 0xff, 0xff, 0xff, 0xff, 0xff, 0xff, 0xff, 0xff, 0xff,
	0xff, 0xff, 0xff, 0xff, 0xff, 0xff, 0xff, 0xff, 0xff, 0xff, 0xff, 0xff, 0xff, 0xff, 0xff,
	0xff, 0xff, 0xff, 0xff, 0xff, 0xff, 0xff, 0xff, 0xff, 0xff, 0xff, 0xff, 0xff, 0xff, 0xff,
	0xff, 0xff, 0xff, 0xff, 0xff, 0xff, 0xff, 0xff, 0xff, 0xff, 0xff, 0xff, 0xff, 0xff, 0xff,
	0xff, 0xff, 0xff, 0xff, 0xff, 0xff, 0xff, 0xff, 0xff, 0xff, 0xff, 0xff, 0xff, 0xff, 0xff,
	0xff, 0xff, 0xff, 0xff, 0xff, 0xff, 0xff, 0xff, 0xff, 0xff, 0xff, 0xff, 0xff, 0xff, 0xff,
	0xff, 0xff, 0xff, 0xff, 0xff,
};

const lv_image_dsc_t nordic_logo = {
	.header = {
			.magic = LV_IMAGE_HEADER_MAGIC,
			.cf = LV_COLOR_FORMAT_RGB565,
			.flags = 0,
			.w = 110,
			.h = 95,
			.stride = 220,
			.reserved_2 = 0,
		},
	.data_size = sizeof(nordic_logo_map),
	.data = nordic_logo_map,
	.reserved = NULL,
	.reserved_2 = NULL,
};
